pid	input_taxid	resolved_taxid	status	scientific_name	rank	lineage_taxids	lineage_names	lineage_ranks	input_classification	discrepancy	domain_taxid	domain_name	realm_taxid	realm_name	kingdom_taxid	kingdom_name	phylum_taxid	phylum_name	class_taxid	class_name	order_taxid	order_name	family_taxid	family_name	genus_taxid	genus_name	species_taxid	species_name
WP_133429644.1	198482	198482	input_classification	Macrococcus	terminal	path:f55e8320 | path:72c36b1b | path:843181cb | path:caf6b61b | path:fb0c8aeb | path:a3a9ac7d | path:ce4fbff0 | taxid:198482	cellular organisms | Bacteria | Bacillati | Bacillota | Bacilli | Caryophanales | Staphylococcaceae | Macrococcus	root | domain | no rank | phylum | class | order | family | terminal	cellular organisms; Bacteria; Bacillati; Bacillota; Bacilli; Caryophanales; Staphylococcaceae; Macrococcus		path:72c36b1b	Bacteria					path:caf6b61b	Bacillota	path:fb0c8aeb	Bacilli	path:a3a9ac7d	Caryophanales	path:ce4fbff0	Staphylococcaceae				
WP_133428774.1	198482	198482	input_classification	Macrococcus	terminal	path:f55e8320 | path:72c36b1b | path:843181cb | path:caf6b61b | path:fb0c8aeb | path:a3a9ac7d | path:ce4fbff0 | taxid:198482	cellular organisms | Bacteria | Bacillati | Bacillota | Bacilli | Caryophanales | Staphylococcaceae | Macrococcus	root | domain | no rank | phylum | class | order | family | terminal	cellular organisms; Bacteria; Bacillati; Bacillota; Bacilli; Caryophanales; Staphylococcaceae; Macrococcus		path:72c36b1b	Bacteria					path:caf6b61b	Bacillota	path:fb0c8aeb	Bacilli	path:a3a9ac7d	Caryophanales	path:ce4fbff0	Staphylococcaceae				
WP_133428776.1	198482	198482	input_classification	Macrococcus	terminal	path:f55e8320 | path:72c36b1b | path:843181cb | path:caf6b61b | path:fb0c8aeb | path:a3a9ac7d | path:ce4fbff0 | taxid:198482	cellular organisms | Bacteria | Bacillati | Bacillota | Bacilli | Caryophanales | Staphylococcaceae | Macrococcus	root | domain | no rank | phylum | class | order | family | terminal	cellular organisms; Bacteria; Bacillati; Bacillota; Bacilli; Caryophanales; Staphylococcaceae; Macrococcus		path:72c36b1b	Bacteria					path:caf6b61b	Bacillota	path:fb0c8aeb	Bacilli	path:a3a9ac7d	Caryophanales	path:ce4fbff0	Staphylococcaceae				
WP_133428778.1	198482	198482	input_classification	Macrococcus	terminal	path:f55e8320 | path:72c36b1b | path:843181cb | path:caf6b61b | path:fb0c8aeb | path:a3a9ac7d | path:ce4fbff0 | taxid:198482	cellular organisms | Bacteria | Bacillati | Bacillota | Bacilli | Caryophanales | Staphylococcaceae | Macrococcus	root | domain | no rank | phylum | class | order | family | terminal	cellular organisms; Bacteria; Bacillati; Bacillota; Bacilli; Caryophanales; Staphylococcaceae; Macrococcus		path:72c36b1b	Bacteria					path:caf6b61b	Bacillota	path:fb0c8aeb	Bacilli	path:a3a9ac7d	Caryophanales	path:ce4fbff0	Staphylococcaceae				
WP_373282937.1	198482	198482	input_classification	Macrococcus	terminal	path:f55e8320 | path:72c36b1b | path:843181cb | path:caf6b61b | path:fb0c8aeb | path:a3a9ac7d | path:ce4fbff0 | taxid:198482	cellular organisms | Bacteria | Bacillati | Bacillota | Bacilli | Caryophanales | Staphylococcaceae | Macrococcus	root | domain | no rank | phylum | class | order | family | terminal	cellular organisms; Bacteria; Bacillati; Bacillota; Bacilli; Caryophanales; Staphylococcaceae; Macrococcus		path:72c36b1b	Bacteria					path:caf6b61b	Bacillota	path:fb0c8aeb	Bacilli	path:a3a9ac7d	Caryophanales	path:ce4fbff0	Staphylococcaceae				
WP_133428775.1	198482	198482	input_classification	Macrococcus	terminal	path:f55e8320 | path:72c36b1b | path:843181cb | path:caf6b61b | path:fb0c8aeb | path:a3a9ac7d | path:ce4fbff0 | taxid:198482	cellular organisms | Bacteria | Bacillati | Bacillota | Bacilli | Caryophanales | Staphylococcaceae | Macrococcus	root | domain | no rank | phylum | class | order | family | terminal	cellular organisms; Bacteria; Bacillati; Bacillota; Bacilli; Caryophanales; Staphylococcaceae; Macrococcus		path:72c36b1b	Bacteria					path:caf6b61b	Bacillota	path:fb0c8aeb	Bacilli	path:a3a9ac7d	Caryophanales	path:ce4fbff0	Staphylococcaceae				
WP_133428777.1	198482	198482	input_classification	Macrococcus	terminal	path:f55e8320 | path:72c36b1b | path:843181cb | path:caf6b61b | path:fb0c8aeb | path:a3a9ac7d | path:ce4fbff0 | taxid:198482	cellular organisms | Bacteria | Bacillati | Bacillota | Bacilli | Caryophanales | Staphylococcaceae | Macrococcus	root | domain | no rank | phylum | class | order | family | terminal	cellular organisms; Bacteria; Bacillati; Bacillota; Bacilli; Caryophanales; Staphylococcaceae; Macrococcus		path:72c36b1b	Bacteria					path:caf6b61b	Bacillota	path:fb0c8aeb	Bacilli	path:a3a9ac7d	Caryophanales	path:ce4fbff0	Staphylococcaceae				
WP_176010039.1	2592382	2592382	input_classification	Paenalkalicoccus	terminal	path:f55e8320 | path:72c36b1b | path:843181cb | path:caf6b61b | path:fb0c8aeb | path:a3a9ac7d | path:8979e6fb | taxid:2592382	cellular organisms | Bacteria | Bacillati | Bacillota | Bacilli | Caryophanales | Bacillaceae | Paenalkalicoccus	root | domain | no rank | phylum | class | order | family | terminal	cellular organisms; Bacteria; Bacillati; Bacillota; Bacilli; Caryophanales; Bacillaceae; Paenalkalicoccus		path:72c36b1b	Bacteria					path:caf6b61b	Bacillota	path:fb0c8aeb	Bacilli	path:a3a9ac7d	Caryophanales	path:8979e6fb	Bacillaceae				
WP_176010037.1	2592382	2592382	input_classification	Paenalkalicoccus	terminal	path:f55e8320 | path:72c36b1b | path:843181cb | path:caf6b61b | path:fb0c8aeb | path:a3a9ac7d | path:8979e6fb | taxid:2592382	cellular organisms | Bacteria | Bacillati | Bacillota | Bacilli | Caryophanales | Bacillaceae | Paenalkalicoccus	root | domain | no rank | phylum | class | order | family | terminal	cellular organisms; Bacteria; Bacillati; Bacillota; Bacilli; Caryophanales; Bacillaceae; Paenalkalicoccus		path:72c36b1b	Bacteria					path:caf6b61b	Bacillota	path:fb0c8aeb	Bacilli	path:a3a9ac7d	Caryophanales	path:8979e6fb	Bacillaceae				
WP_176010046.1	2592382	2592382	input_classification	Paenalkalicoccus	terminal	path:f55e8320 | path:72c36b1b | path:843181cb | path:caf6b61b | path:fb0c8aeb | path:a3a9ac7d | path:8979e6fb | taxid:2592382	cellular organisms | Bacteria | Bacillati | Bacillota | Bacilli | Caryophanales | Bacillaceae | Paenalkalicoccus	root | domain | no rank | phylum | class | order | family | terminal	cellular organisms; Bacteria; Bacillati; Bacillota; Bacilli; Caryophanales; Bacillaceae; Paenalkalicoccus		path:72c36b1b	Bacteria					path:caf6b61b	Bacillota	path:fb0c8aeb	Bacilli	path:a3a9ac7d	Caryophanales	path:8979e6fb	Bacillaceae				
WP_176010045.1	2592382	2592382	input_classification	Paenalkalicoccus	terminal	path:f55e8320 | path:72c36b1b | path:843181cb | path:caf6b61b | path:fb0c8aeb | path:a3a9ac7d | path:8979e6fb | taxid:2592382	cellular organisms | Bacteria | Bacillati | Bacillota | Bacilli | Caryophanales | Bacillaceae | Paenalkalicoccus	root | domain | no rank | phylum | class | order | family | terminal	cellular organisms; Bacteria; Bacillati; Bacillota; Bacilli; Caryophanales; Bacillaceae; Paenalkalicoccus		path:72c36b1b	Bacteria					path:caf6b61b	Bacillota	path:fb0c8aeb	Bacilli	path:a3a9ac7d	Caryophanales	path:8979e6fb	Bacillaceae				
WP_176010041.1	2592382	2592382	input_classification	Paenalkalicoccus	terminal	path:f55e8320 | path:72c36b1b | path:843181cb | path:caf6b61b | path:fb0c8aeb | path:a3a9ac7d | path:8979e6fb | taxid:2592382	cellular organisms | Bacteria | Bacillati | Bacillota | Bacilli | Caryophanales | Bacillaceae | Paenalkalicoccus	root | domain | no rank | phylum | class | order | family | terminal	cellular organisms; Bacteria; Bacillati; Bacillota; Bacilli; Caryophanales; Bacillaceae; Paenalkalicoccus		path:72c36b1b	Bacteria					path:caf6b61b	Bacillota	path:fb0c8aeb	Bacilli	path:a3a9ac7d	Caryophanales	path:8979e6fb	Bacillaceae				
WP_176010043.1	2592382	2592382	input_classification	Paenalkalicoccus	terminal	path:f55e8320 | path:72c36b1b | path:843181cb | path:caf6b61b | path:fb0c8aeb | path:a3a9ac7d | path:8979e6fb | taxid:2592382	cellular organisms | Bacteria | Bacillati | Bacillota | Bacilli | Caryophanales | Bacillaceae | Paenalkalicoccus	root | domain | no rank | phylum | class | order | family | terminal	cellular organisms; Bacteria; Bacillati; Bacillota; Bacilli; Caryophanales; Bacillaceae; Paenalkalicoccus		path:72c36b1b	Bacteria					path:caf6b61b	Bacillota	path:fb0c8aeb	Bacilli	path:a3a9ac7d	Caryophanales	path:8979e6fb	Bacillaceae				
WP_176010049.1	2592382	2592382	input_classification	Paenalkalicoccus	terminal	path:f55e8320 | path:72c36b1b | path:843181cb | path:caf6b61b | path:fb0c8aeb | path:a3a9ac7d | path:8979e6fb | taxid:2592382	cellular organisms | Bacteria | Bacillati | Bacillota | Bacilli | Caryophanales | Bacillaceae | Paenalkalicoccus	root | domain | no rank | phylum | class | order | family | terminal	cellular organisms; Bacteria; Bacillati; Bacillota; Bacilli; Caryophanales; Bacillaceae; Paenalkalicoccus		path:72c36b1b	Bacteria					path:caf6b61b	Bacillota	path:fb0c8aeb	Bacilli	path:a3a9ac7d	Caryophanales	path:8979e6fb	Bacillaceae				
WP_176010036.1	2592382	2592382	input_classification	Paenalkalicoccus	terminal	path:f55e8320 | path:72c36b1b | path:843181cb | path:caf6b61b | path:fb0c8aeb | path:a3a9ac7d | path:8979e6fb | taxid:2592382	cellular organisms | Bacteria | Bacillati | Bacillota | Bacilli | Caryophanales | Bacillaceae | Paenalkalicoccus	root | domain | no rank | phylum | class | order | family | terminal	cellular organisms; Bacteria; Bacillati; Bacillota; Bacilli; Caryophanales; Bacillaceae; Paenalkalicoccus		path:72c36b1b	Bacteria					path:caf6b61b	Bacillota	path:fb0c8aeb	Bacilli	path:a3a9ac7d	Caryophanales	path:8979e6fb	Bacillaceae				
WP_176010044.1	2592382	2592382	input_classification	Paenalkalicoccus	terminal	path:f55e8320 | path:72c36b1b | path:843181cb | path:caf6b61b | path:fb0c8aeb | path:a3a9ac7d | path:8979e6fb | taxid:2592382	cellular organisms | Bacteria | Bacillati | Bacillota | Bacilli | Caryophanales | Bacillaceae | Paenalkalicoccus	root | domain | no rank | phylum | class | order | family | terminal	cellular organisms; Bacteria; Bacillati; Bacillota; Bacilli; Caryophanales; Bacillaceae; Paenalkalicoccus		path:72c36b1b	Bacteria					path:caf6b61b	Bacillota	path:fb0c8aeb	Bacilli	path:a3a9ac7d	Caryophanales	path:8979e6fb	Bacillaceae				
WP_176010050.1	2592382	2592382	input_classification	Paenalkalicoccus	terminal	path:f55e8320 | path:72c36b1b | path:843181cb | path:caf6b61b | path:fb0c8aeb | path:a3a9ac7d | path:8979e6fb | taxid:2592382	cellular organisms | Bacteria | Bacillati | Bacillota | Bacilli | Caryophanales | Bacillaceae | Paenalkalicoccus	root | domain | no rank | phylum | class | order | family | terminal	cellular organisms; Bacteria; Bacillati; Bacillota; Bacilli; Caryophanales; Bacillaceae; Paenalkalicoccus		path:72c36b1b	Bacteria					path:caf6b61b	Bacillota	path:fb0c8aeb	Bacilli	path:a3a9ac7d	Caryophanales	path:8979e6fb	Bacillaceae				
WP_176010048.1	2592382	2592382	input_classification	Paenalkalicoccus	terminal	path:f55e8320 | path:72c36b1b | path:843181cb | path:caf6b61b | path:fb0c8aeb | path:a3a9ac7d | path:8979e6fb | taxid:2592382	cellular organisms | Bacteria | Bacillati | Bacillota | Bacilli | Caryophanales | Bacillaceae | Paenalkalicoccus	root | domain | no rank | phylum | class | order | family | terminal	cellular organisms; Bacteria; Bacillati; Bacillota; Bacilli; Caryophanales; Bacillaceae; Paenalkalicoccus		path:72c36b1b	Bacteria					path:caf6b61b	Bacillota	path:fb0c8aeb	Bacilli	path:a3a9ac7d	Caryophanales	path:8979e6fb	Bacillaceae				
WP_176010038.1	2592382	2592382	input_classification	Paenalkalicoccus	terminal	path:f55e8320 | path:72c36b1b | path:843181cb | path:caf6b61b | path:fb0c8aeb | path:a3a9ac7d | path:8979e6fb | taxid:2592382	cellular organisms | Bacteria | Bacillati | Bacillota | Bacilli | Caryophanales | Bacillaceae | Paenalkalicoccus	root | domain | no rank | phylum | class | order | family | terminal	cellular organisms; Bacteria; Bacillati; Bacillota; Bacilli; Caryophanales; Bacillaceae; Paenalkalicoccus		path:72c36b1b	Bacteria					path:caf6b61b	Bacillota	path:fb0c8aeb	Bacilli	path:a3a9ac7d	Caryophanales	path:8979e6fb	Bacillaceae				
WP_176010042.1	2592382	2592382	input_classification	Paenalkalicoccus	terminal	path:f55e8320 | path:72c36b1b | path:843181cb | path:caf6b61b | path:fb0c8aeb | path:a3a9ac7d | path:8979e6fb | taxid:2592382	cellular organisms | Bacteria | Bacillati | Bacillota | Bacilli | Caryophanales | Bacillaceae | Paenalkalicoccus	root | domain | no rank | phylum | class | order | family | terminal	cellular organisms; Bacteria; Bacillati; Bacillota; Bacilli; Caryophanales; Bacillaceae; Paenalkalicoccus		path:72c36b1b	Bacteria					path:caf6b61b	Bacillota	path:fb0c8aeb	Bacilli	path:a3a9ac7d	Caryophanales	path:8979e6fb	Bacillaceae				
WP_176010047.1	2592382	2592382	input_classification	Paenalkalicoccus	terminal	path:f55e8320 | path:72c36b1b | path:843181cb | path:caf6b61b | path:fb0c8aeb | path:a3a9ac7d | path:8979e6fb | taxid:2592382	cellular organisms | Bacteria | Bacillati | Bacillota | Bacilli | Caryophanales | Bacillaceae | Paenalkalicoccus	root | domain | no rank | phylum | class | order | family | terminal	cellular organisms; Bacteria; Bacillati; Bacillota; Bacilli; Caryophanales; Bacillaceae; Paenalkalicoccus		path:72c36b1b	Bacteria					path:caf6b61b	Bacillota	path:fb0c8aeb	Bacilli	path:a3a9ac7d	Caryophanales	path:8979e6fb	Bacillaceae				
WP_176010040.1	2592382	2592382	input_classification	Paenalkalicoccus	terminal	path:f55e8320 | path:72c36b1b | path:843181cb | path:caf6b61b | path:fb0c8aeb | path:a3a9ac7d | path:8979e6fb | taxid:2592382	cellular organisms | Bacteria | Bacillati | Bacillota | Bacilli | Caryophanales | Bacillaceae | Paenalkalicoccus	root | domain | no rank | phylum | class | order | family | terminal	cellular organisms; Bacteria; Bacillati; Bacillota; Bacilli; Caryophanales; Bacillaceae; Paenalkalicoccus		path:72c36b1b	Bacteria					path:caf6b61b	Bacillota	path:fb0c8aeb	Bacilli	path:a3a9ac7d	Caryophanales	path:8979e6fb	Bacillaceae				
WP_412934197.1	217495	217495	input_classification	Lederbergia	terminal	path:f55e8320 | path:72c36b1b | path:843181cb | path:caf6b61b | path:fb0c8aeb | path:a3a9ac7d | path:8979e6fb | taxid:217495	cellular organisms | Bacteria | Bacillati | Bacillota | Bacilli | Caryophanales | Bacillaceae | Lederbergia	root | domain | no rank | phylum | class | order | family | terminal	cellular organisms; Bacteria; Bacillati; Bacillota; Bacilli; Caryophanales; Bacillaceae; Lederbergia		path:72c36b1b	Bacteria					path:caf6b61b	Bacillota	path:fb0c8aeb	Bacilli	path:a3a9ac7d	Caryophanales	path:8979e6fb	Bacillaceae				
WP_412934193.1	217495	217495	input_classification	Lederbergia	terminal	path:f55e8320 | path:72c36b1b | path:843181cb | path:caf6b61b | path:fb0c8aeb | path:a3a9ac7d | path:8979e6fb | taxid:217495	cellular organisms | Bacteria | Bacillati | Bacillota | Bacilli | Caryophanales | Bacillaceae | Lederbergia	root | domain | no rank | phylum | class | order | family | terminal	cellular organisms; Bacteria; Bacillati; Bacillota; Bacilli; Caryophanales; Bacillaceae; Lederbergia		path:72c36b1b	Bacteria					path:caf6b61b	Bacillota	path:fb0c8aeb	Bacilli	path:a3a9ac7d	Caryophanales	path:8979e6fb	Bacillaceae				
WP_158324014.1	217495	217495	input_classification	Lederbergia	terminal	path:f55e8320 | path:72c36b1b | path:843181cb | path:caf6b61b | path:fb0c8aeb | path:a3a9ac7d | path:8979e6fb | taxid:217495	cellular organisms | Bacteria | Bacillati | Bacillota | Bacilli | Caryophanales | Bacillaceae | Lederbergia	root | domain | no rank | phylum | class | order | family | terminal	cellular organisms; Bacteria; Bacillati; Bacillota; Bacilli; Caryophanales; Bacillaceae; Lederbergia		path:72c36b1b	Bacteria					path:caf6b61b	Bacillota	path:fb0c8aeb	Bacilli	path:a3a9ac7d	Caryophanales	path:8979e6fb	Bacillaceae				
WP_158324013.1	217495	217495	input_classification	Lederbergia	terminal	path:f55e8320 | path:72c36b1b | path:843181cb | path:caf6b61b | path:fb0c8aeb | path:a3a9ac7d | path:8979e6fb | taxid:217495	cellular organisms | Bacteria | Bacillati | Bacillota | Bacilli | Caryophanales | Bacillaceae | Lederbergia	root | domain | no rank | phylum | class | order | family | terminal	cellular organisms; Bacteria; Bacillati; Bacillota; Bacilli; Caryophanales; Bacillaceae; Lederbergia		path:72c36b1b	Bacteria					path:caf6b61b	Bacillota	path:fb0c8aeb	Bacilli	path:a3a9ac7d	Caryophanales	path:8979e6fb	Bacillaceae				
WP_412934199.1	217495	217495	input_classification	Lederbergia	terminal	path:f55e8320 | path:72c36b1b | path:843181cb | path:caf6b61b | path:fb0c8aeb | path:a3a9ac7d | path:8979e6fb | taxid:217495	cellular organisms | Bacteria | Bacillati | Bacillota | Bacilli | Caryophanales | Bacillaceae | Lederbergia	root | domain | no rank | phylum | class | order | family | terminal	cellular organisms; Bacteria; Bacillati; Bacillota; Bacilli; Caryophanales; Bacillaceae; Lederbergia		path:72c36b1b	Bacteria					path:caf6b61b	Bacillota	path:fb0c8aeb	Bacilli	path:a3a9ac7d	Caryophanales	path:8979e6fb	Bacillaceae				
WP_412934190.1	217495	217495	input_classification	Lederbergia	terminal	path:f55e8320 | path:72c36b1b | path:843181cb | path:caf6b61b | path:fb0c8aeb | path:a3a9ac7d | path:8979e6fb | taxid:217495	cellular organisms | Bacteria | Bacillati | Bacillota | Bacilli | Caryophanales | Bacillaceae | Lederbergia	root | domain | no rank | phylum | class | order | family | terminal	cellular organisms; Bacteria; Bacillati; Bacillota; Bacilli; Caryophanales; Bacillaceae; Lederbergia		path:72c36b1b	Bacteria					path:caf6b61b	Bacillota	path:fb0c8aeb	Bacilli	path:a3a9ac7d	Caryophanales	path:8979e6fb	Bacillaceae				
WP_158324018.1	217495	217495	input_classification	Lederbergia	terminal	path:f55e8320 | path:72c36b1b | path:843181cb | path:caf6b61b | path:fb0c8aeb | path:a3a9ac7d | path:8979e6fb | taxid:217495	cellular organisms | Bacteria | Bacillati | Bacillota | Bacilli | Caryophanales | Bacillaceae | Lederbergia	root | domain | no rank | phylum | class | order | family | terminal	cellular organisms; Bacteria; Bacillati; Bacillota; Bacilli; Caryophanales; Bacillaceae; Lederbergia		path:72c36b1b	Bacteria					path:caf6b61b	Bacillota	path:fb0c8aeb	Bacilli	path:a3a9ac7d	Caryophanales	path:8979e6fb	Bacillaceae				
WP_412934195.1	217495	217495	input_classification	Lederbergia	terminal	path:f55e8320 | path:72c36b1b | path:843181cb | path:caf6b61b | path:fb0c8aeb | path:a3a9ac7d | path:8979e6fb | taxid:217495	cellular organisms | Bacteria | Bacillati | Bacillota | Bacilli | Caryophanales | Bacillaceae | Lederbergia	root | domain | no rank | phylum | class | order | family | terminal	cellular organisms; Bacteria; Bacillati; Bacillota; Bacilli; Caryophanales; Bacillaceae; Lederbergia		path:72c36b1b	Bacteria					path:caf6b61b	Bacillota	path:fb0c8aeb	Bacilli	path:a3a9ac7d	Caryophanales	path:8979e6fb	Bacillaceae				
WP_412934201.1	217495	217495	input_classification	Lederbergia	terminal	path:f55e8320 | path:72c36b1b | path:843181cb | path:caf6b61b | path:fb0c8aeb | path:a3a9ac7d | path:8979e6fb | taxid:217495	cellular organisms | Bacteria | Bacillati | Bacillota | Bacilli | Caryophanales | Bacillaceae | Lederbergia	root | domain | no rank | phylum | class | order | family | terminal	cellular organisms; Bacteria; Bacillati; Bacillota; Bacilli; Caryophanales; Bacillaceae; Lederbergia		path:72c36b1b	Bacteria					path:caf6b61b	Bacillota	path:fb0c8aeb	Bacilli	path:a3a9ac7d	Caryophanales	path:8979e6fb	Bacillaceae				
WP_412934188.1	217495	217495	input_classification	Lederbergia	terminal	path:f55e8320 | path:72c36b1b | path:843181cb | path:caf6b61b | path:fb0c8aeb | path:a3a9ac7d | path:8979e6fb | taxid:217495	cellular organisms | Bacteria | Bacillati | Bacillota | Bacilli | Caryophanales | Bacillaceae | Lederbergia	root | domain | no rank | phylum | class | order | family | terminal	cellular organisms; Bacteria; Bacillati; Bacillota; Bacilli; Caryophanales; Bacillaceae; Lederbergia		path:72c36b1b	Bacteria					path:caf6b61b	Bacillota	path:fb0c8aeb	Bacilli	path:a3a9ac7d	Caryophanales	path:8979e6fb	Bacillaceae				
WP_158324011.1	217495	217495	input_classification	Lederbergia	terminal	path:f55e8320 | path:72c36b1b | path:843181cb | path:caf6b61b | path:fb0c8aeb | path:a3a9ac7d | path:8979e6fb | taxid:217495	cellular organisms | Bacteria | Bacillati | Bacillota | Bacilli | Caryophanales | Bacillaceae | Lederbergia	root | domain | no rank | phylum | class | order | family | terminal	cellular organisms; Bacteria; Bacillati; Bacillota; Bacilli; Caryophanales; Bacillaceae; Lederbergia		path:72c36b1b	Bacteria					path:caf6b61b	Bacillota	path:fb0c8aeb	Bacilli	path:a3a9ac7d	Caryophanales	path:8979e6fb	Bacillaceae				
WP_412934194.1	217495	217495	input_classification	Lederbergia	terminal	path:f55e8320 | path:72c36b1b | path:843181cb | path:caf6b61b | path:fb0c8aeb | path:a3a9ac7d | path:8979e6fb | taxid:217495	cellular organisms | Bacteria | Bacillati | Bacillota | Bacilli | Caryophanales | Bacillaceae | Lederbergia	root | domain | no rank | phylum | class | order | family | terminal	cellular organisms; Bacteria; Bacillati; Bacillota; Bacilli; Caryophanales; Bacillaceae; Lederbergia		path:72c36b1b	Bacteria					path:caf6b61b	Bacillota	path:fb0c8aeb	Bacilli	path:a3a9ac7d	Caryophanales	path:8979e6fb	Bacillaceae				
WP_412934192.1	217495	217495	input_classification	Lederbergia	terminal	path:f55e8320 | path:72c36b1b | path:843181cb | path:caf6b61b | path:fb0c8aeb | path:a3a9ac7d | path:8979e6fb | taxid:217495	cellular organisms | Bacteria | Bacillati | Bacillota | Bacilli | Caryophanales | Bacillaceae | Lederbergia	root | domain | no rank | phylum | class | order | family | terminal	cellular organisms; Bacteria; Bacillati; Bacillota; Bacilli; Caryophanales; Bacillaceae; Lederbergia		path:72c36b1b	Bacteria					path:caf6b61b	Bacillota	path:fb0c8aeb	Bacilli	path:a3a9ac7d	Caryophanales	path:8979e6fb	Bacillaceae				
WP_412934198.1	217495	217495	input_classification	Lederbergia	terminal	path:f55e8320 | path:72c36b1b | path:843181cb | path:caf6b61b | path:fb0c8aeb | path:a3a9ac7d | path:8979e6fb | taxid:217495	cellular organisms | Bacteria | Bacillati | Bacillota | Bacilli | Caryophanales | Bacillaceae | Lederbergia	root | domain | no rank | phylum | class | order | family | terminal	cellular organisms; Bacteria; Bacillati; Bacillota; Bacilli; Caryophanales; Bacillaceae; Lederbergia		path:72c36b1b	Bacteria					path:caf6b61b	Bacillota	path:fb0c8aeb	Bacilli	path:a3a9ac7d	Caryophanales	path:8979e6fb	Bacillaceae				
WP_412934196.1	217495	217495	input_classification	Lederbergia	terminal	path:f55e8320 | path:72c36b1b | path:843181cb | path:caf6b61b | path:fb0c8aeb | path:a3a9ac7d | path:8979e6fb | taxid:217495	cellular organisms | Bacteria | Bacillati | Bacillota | Bacilli | Caryophanales | Bacillaceae | Lederbergia	root | domain | no rank | phylum | class | order | family | terminal	cellular organisms; Bacteria; Bacillati; Bacillota; Bacilli; Caryophanales; Bacillaceae; Lederbergia		path:72c36b1b	Bacteria					path:caf6b61b	Bacillota	path:fb0c8aeb	Bacilli	path:a3a9ac7d	Caryophanales	path:8979e6fb	Bacillaceae				
WP_099221308.1	2026604	2026604	input_classification	Listeria	terminal	path:f55e8320 | path:72c36b1b | path:843181cb | path:caf6b61b | path:fb0c8aeb | path:a3a9ac7d | path:b418cf54 | taxid:2026604	cellular organisms | Bacteria | Bacillati | Bacillota | Bacilli | Caryophanales | Listeriaceae | Listeria	root | domain | no rank | phylum | class | order | family | terminal	cellular organisms; Bacteria; Bacillati; Bacillota; Bacilli; Caryophanales; Listeriaceae; Listeria		path:72c36b1b	Bacteria					path:caf6b61b	Bacillota	path:fb0c8aeb	Bacilli	path:a3a9ac7d	Caryophanales	path:b418cf54	Listeriaceae				
WP_099221310.1	2026604	2026604	input_classification	Listeria	terminal	path:f55e8320 | path:72c36b1b | path:843181cb | path:caf6b61b | path:fb0c8aeb | path:a3a9ac7d | path:b418cf54 | taxid:2026604	cellular organisms | Bacteria | Bacillati | Bacillota | Bacilli | Caryophanales | Listeriaceae | Listeria	root | domain | no rank | phylum | class | order | family | terminal	cellular organisms; Bacteria; Bacillati; Bacillota; Bacilli; Caryophanales; Listeriaceae; Listeria		path:72c36b1b	Bacteria					path:caf6b61b	Bacillota	path:fb0c8aeb	Bacilli	path:a3a9ac7d	Caryophanales	path:b418cf54	Listeriaceae				
WP_099221299.1	2026604	2026604	input_classification	Listeria	terminal	path:f55e8320 | path:72c36b1b | path:843181cb | path:caf6b61b | path:fb0c8aeb | path:a3a9ac7d | path:b418cf54 | taxid:2026604	cellular organisms | Bacteria | Bacillati | Bacillota | Bacilli | Caryophanales | Listeriaceae | Listeria	root | domain | no rank | phylum | class | order | family | terminal	cellular organisms; Bacteria; Bacillati; Bacillota; Bacilli; Caryophanales; Listeriaceae; Listeria		path:72c36b1b	Bacteria					path:caf6b61b	Bacillota	path:fb0c8aeb	Bacilli	path:a3a9ac7d	Caryophanales	path:b418cf54	Listeriaceae				
WP_099221306.1	2026604	2026604	input_classification	Listeria	terminal	path:f55e8320 | path:72c36b1b | path:843181cb | path:caf6b61b | path:fb0c8aeb | path:a3a9ac7d | path:b418cf54 | taxid:2026604	cellular organisms | Bacteria | Bacillati | Bacillota | Bacilli | Caryophanales | Listeriaceae | Listeria	root | domain | no rank | phylum | class | order | family | terminal	cellular organisms; Bacteria; Bacillati; Bacillota; Bacilli; Caryophanales; Listeriaceae; Listeria		path:72c36b1b	Bacteria					path:caf6b61b	Bacillota	path:fb0c8aeb	Bacilli	path:a3a9ac7d	Caryophanales	path:b418cf54	Listeriaceae				
WP_099221300.1	2026604	2026604	input_classification	Listeria	terminal	path:f55e8320 | path:72c36b1b | path:843181cb | path:caf6b61b | path:fb0c8aeb | path:a3a9ac7d | path:b418cf54 | taxid:2026604	cellular organisms | Bacteria | Bacillati | Bacillota | Bacilli | Caryophanales | Listeriaceae | Listeria	root | domain | no rank | phylum | class | order | family | terminal	cellular organisms; Bacteria; Bacillati; Bacillota; Bacilli; Caryophanales; Listeriaceae; Listeria		path:72c36b1b	Bacteria					path:caf6b61b	Bacillota	path:fb0c8aeb	Bacilli	path:a3a9ac7d	Caryophanales	path:b418cf54	Listeriaceae				
WP_099221297.1	2026604	2026604	input_classification	Listeria	terminal	path:f55e8320 | path:72c36b1b | path:843181cb | path:caf6b61b | path:fb0c8aeb | path:a3a9ac7d | path:b418cf54 | taxid:2026604	cellular organisms | Bacteria | Bacillati | Bacillota | Bacilli | Caryophanales | Listeriaceae | Listeria	root | domain | no rank | phylum | class | order | family | terminal	cellular organisms; Bacteria; Bacillati; Bacillota; Bacilli; Caryophanales; Listeriaceae; Listeria		path:72c36b1b	Bacteria					path:caf6b61b	Bacillota	path:fb0c8aeb	Bacilli	path:a3a9ac7d	Caryophanales	path:b418cf54	Listeriaceae				
WP_099221298.1	2026604	2026604	input_classification	Listeria	terminal	path:f55e8320 | path:72c36b1b | path:843181cb | path:caf6b61b | path:fb0c8aeb | path:a3a9ac7d | path:b418cf54 | taxid:2026604	cellular organisms | Bacteria | Bacillati | Bacillota | Bacilli | Caryophanales | Listeriaceae | Listeria	root | domain | no rank | phylum | class | order | family | terminal	cellular organisms; Bacteria; Bacillati; Bacillota; Bacilli; Caryophanales; Listeriaceae; Listeria		path:72c36b1b	Bacteria					path:caf6b61b	Bacillota	path:fb0c8aeb	Bacilli	path:a3a9ac7d	Caryophanales	path:b418cf54	Listeriaceae				
WP_099221305.1	2026604	2026604	input_classification	Listeria	terminal	path:f55e8320 | path:72c36b1b | path:843181cb | path:caf6b61b | path:fb0c8aeb | path:a3a9ac7d | path:b418cf54 | taxid:2026604	cellular organisms | Bacteria | Bacillati | Bacillota | Bacilli | Caryophanales | Listeriaceae | Listeria	root | domain | no rank | phylum | class | order | family | terminal	cellular organisms; Bacteria; Bacillati; Bacillota; Bacilli; Caryophanales; Listeriaceae; Listeria		path:72c36b1b	Bacteria					path:caf6b61b	Bacillota	path:fb0c8aeb	Bacilli	path:a3a9ac7d	Caryophanales	path:b418cf54	Listeriaceae				
WP_099221296.1	2026604	2026604	input_classification	Listeria	terminal	path:f55e8320 | path:72c36b1b | path:843181cb | path:caf6b61b | path:fb0c8aeb | path:a3a9ac7d | path:b418cf54 | taxid:2026604	cellular organisms | Bacteria | Bacillati | Bacillota | Bacilli | Caryophanales | Listeriaceae | Listeria	root | domain | no rank | phylum | class | order | family | terminal	cellular organisms; Bacteria; Bacillati; Bacillota; Bacilli; Caryophanales; Listeriaceae; Listeria		path:72c36b1b	Bacteria					path:caf6b61b	Bacillota	path:fb0c8aeb	Bacilli	path:a3a9ac7d	Caryophanales	path:b418cf54	Listeriaceae				
WP_099221304.1	2026604	2026604	input_classification	Listeria	terminal	path:f55e8320 | path:72c36b1b | path:843181cb | path:caf6b61b | path:fb0c8aeb | path:a3a9ac7d | path:b418cf54 | taxid:2026604	cellular organisms | Bacteria | Bacillati | Bacillota | Bacilli | Caryophanales | Listeriaceae | Listeria	root | domain | no rank | phylum | class | order | family | terminal	cellular organisms; Bacteria; Bacillati; Bacillota; Bacilli; Caryophanales; Listeriaceae; Listeria		path:72c36b1b	Bacteria					path:caf6b61b	Bacillota	path:fb0c8aeb	Bacilli	path:a3a9ac7d	Caryophanales	path:b418cf54	Listeriaceae				
WP_099221307.1	2026604	2026604	input_classification	Listeria	terminal	path:f55e8320 | path:72c36b1b | path:843181cb | path:caf6b61b | path:fb0c8aeb | path:a3a9ac7d | path:b418cf54 | taxid:2026604	cellular organisms | Bacteria | Bacillati | Bacillota | Bacilli | Caryophanales | Listeriaceae | Listeria	root | domain | no rank | phylum | class | order | family | terminal	cellular organisms; Bacteria; Bacillati; Bacillota; Bacilli; Caryophanales; Listeriaceae; Listeria		path:72c36b1b	Bacteria					path:caf6b61b	Bacillota	path:fb0c8aeb	Bacilli	path:a3a9ac7d	Caryophanales	path:b418cf54	Listeriaceae				
WP_099221301.1	2026604	2026604	input_classification	Listeria	terminal	path:f55e8320 | path:72c36b1b | path:843181cb | path:caf6b61b | path:fb0c8aeb | path:a3a9ac7d | path:b418cf54 | taxid:2026604	cellular organisms | Bacteria | Bacillati | Bacillota | Bacilli | Caryophanales | Listeriaceae | Listeria	root | domain | no rank | phylum | class | order | family | terminal	cellular organisms; Bacteria; Bacillati; Bacillota; Bacilli; Caryophanales; Listeriaceae; Listeria		path:72c36b1b	Bacteria					path:caf6b61b	Bacillota	path:fb0c8aeb	Bacilli	path:a3a9ac7d	Caryophanales	path:b418cf54	Listeriaceae				
WP_099221302.1	2026604	2026604	input_classification	Listeria	terminal	path:f55e8320 | path:72c36b1b | path:843181cb | path:caf6b61b | path:fb0c8aeb | path:a3a9ac7d | path:b418cf54 | taxid:2026604	cellular organisms | Bacteria | Bacillati | Bacillota | Bacilli | Caryophanales | Listeriaceae | Listeria	root | domain | no rank | phylum | class | order | family | terminal	cellular organisms; Bacteria; Bacillati; Bacillota; Bacilli; Caryophanales; Listeriaceae; Listeria		path:72c36b1b	Bacteria					path:caf6b61b	Bacillota	path:fb0c8aeb	Bacilli	path:a3a9ac7d	Caryophanales	path:b418cf54	Listeriaceae				
WP_099221303.1	2026604	2026604	input_classification	Listeria	terminal	path:f55e8320 | path:72c36b1b | path:843181cb | path:caf6b61b | path:fb0c8aeb | path:a3a9ac7d | path:b418cf54 | taxid:2026604	cellular organisms | Bacteria | Bacillati | Bacillota | Bacilli | Caryophanales | Listeriaceae | Listeria	root | domain | no rank | phylum | class | order | family | terminal	cellular organisms; Bacteria; Bacillati; Bacillota; Bacilli; Caryophanales; Listeriaceae; Listeria		path:72c36b1b	Bacteria					path:caf6b61b	Bacillota	path:fb0c8aeb	Bacilli	path:a3a9ac7d	Caryophanales	path:b418cf54	Listeriaceae				
WP_099221309.1	2026604	2026604	input_classification	Listeria	terminal	path:f55e8320 | path:72c36b1b | path:843181cb | path:caf6b61b | path:fb0c8aeb | path:a3a9ac7d | path:b418cf54 | taxid:2026604	cellular organisms | Bacteria | Bacillati | Bacillota | Bacilli | Caryophanales | Listeriaceae | Listeria	root | domain | no rank | phylum | class | order | family | terminal	cellular organisms; Bacteria; Bacillati; Bacillota; Bacilli; Caryophanales; Listeriaceae; Listeria		path:72c36b1b	Bacteria					path:caf6b61b	Bacillota	path:fb0c8aeb	Bacilli	path:a3a9ac7d	Caryophanales	path:b418cf54	Listeriaceae				
TDM03548.1	198482	198482	input_classification	Macrococcus	terminal	path:f55e8320 | path:72c36b1b | path:843181cb | path:caf6b61b | path:fb0c8aeb | path:a3a9ac7d | path:ce4fbff0 | taxid:198482	cellular organisms | Bacteria | Bacillati | Bacillota | Bacilli | Caryophanales | Staphylococcaceae | Macrococcus	root | domain | no rank | phylum | class | order | family | terminal	cellular organisms; Bacteria; Bacillati; Bacillota; Bacilli; Caryophanales; Staphylococcaceae; Macrococcus		path:72c36b1b	Bacteria					path:caf6b61b	Bacillota	path:fb0c8aeb	Bacilli	path:a3a9ac7d	Caryophanales	path:ce4fbff0	Staphylococcaceae				
TDM02685.1	198482	198482	input_classification	Macrococcus	terminal	path:f55e8320 | path:72c36b1b | path:843181cb | path:caf6b61b | path:fb0c8aeb | path:a3a9ac7d | path:ce4fbff0 | taxid:198482	cellular organisms | Bacteria | Bacillati | Bacillota | Bacilli | Caryophanales | Staphylococcaceae | Macrococcus	root | domain | no rank | phylum | class | order | family | terminal	cellular organisms; Bacteria; Bacillati; Bacillota; Bacilli; Caryophanales; Staphylococcaceae; Macrococcus		path:72c36b1b	Bacteria					path:caf6b61b	Bacillota	path:fb0c8aeb	Bacilli	path:a3a9ac7d	Caryophanales	path:ce4fbff0	Staphylococcaceae				
TDM02687.1	198482	198482	input_classification	Macrococcus	terminal	path:f55e8320 | path:72c36b1b | path:843181cb | path:caf6b61b | path:fb0c8aeb | path:a3a9ac7d | path:ce4fbff0 | taxid:198482	cellular organisms | Bacteria | Bacillati | Bacillota | Bacilli | Caryophanales | Staphylococcaceae | Macrococcus	root | domain | no rank | phylum | class | order | family | terminal	cellular organisms; Bacteria; Bacillati; Bacillota; Bacilli; Caryophanales; Staphylococcaceae; Macrococcus		path:72c36b1b	Bacteria					path:caf6b61b	Bacillota	path:fb0c8aeb	Bacilli	path:a3a9ac7d	Caryophanales	path:ce4fbff0	Staphylococcaceae				
TDM02689.1	198482	198482	input_classification	Macrococcus	terminal	path:f55e8320 | path:72c36b1b | path:843181cb | path:caf6b61b | path:fb0c8aeb | path:a3a9ac7d | path:ce4fbff0 | taxid:198482	cellular organisms | Bacteria | Bacillati | Bacillota | Bacilli | Caryophanales | Staphylococcaceae | Macrococcus	root | domain | no rank | phylum | class | order | family | terminal	cellular organisms; Bacteria; Bacillati; Bacillota; Bacilli; Caryophanales; Staphylococcaceae; Macrococcus		path:72c36b1b	Bacteria					path:caf6b61b	Bacillota	path:fb0c8aeb	Bacilli	path:a3a9ac7d	Caryophanales	path:ce4fbff0	Staphylococcaceae				
TDM02686.1	198482	198482	input_classification	Macrococcus	terminal	path:f55e8320 | path:72c36b1b | path:843181cb | path:caf6b61b | path:fb0c8aeb | path:a3a9ac7d | path:ce4fbff0 | taxid:198482	cellular organisms | Bacteria | Bacillati | Bacillota | Bacilli | Caryophanales | Staphylococcaceae | Macrococcus	root | domain | no rank | phylum | class | order | family | terminal	cellular organisms; Bacteria; Bacillati; Bacillota; Bacilli; Caryophanales; Staphylococcaceae; Macrococcus		path:72c36b1b	Bacteria					path:caf6b61b	Bacillota	path:fb0c8aeb	Bacilli	path:a3a9ac7d	Caryophanales	path:ce4fbff0	Staphylococcaceae				
TDM02688.1	198482	198482	input_classification	Macrococcus	terminal	path:f55e8320 | path:72c36b1b | path:843181cb | path:caf6b61b | path:fb0c8aeb | path:a3a9ac7d | path:ce4fbff0 | taxid:198482	cellular organisms | Bacteria | Bacillati | Bacillota | Bacilli | Caryophanales | Staphylococcaceae | Macrococcus	root | domain | no rank | phylum | class | order | family | terminal	cellular organisms; Bacteria; Bacillati; Bacillota; Bacilli; Caryophanales; Staphylococcaceae; Macrococcus		path:72c36b1b	Bacteria					path:caf6b61b	Bacillota	path:fb0c8aeb	Bacilli	path:a3a9ac7d	Caryophanales	path:ce4fbff0	Staphylococcaceae				
QKS72056.1	2592382	2592382	input_classification	Paenalkalicoccus	terminal	path:f55e8320 | path:72c36b1b | path:843181cb | path:caf6b61b | path:fb0c8aeb | path:a3a9ac7d | path:8979e6fb | taxid:2592382	cellular organisms | Bacteria | Bacillati | Bacillota | Bacilli | Caryophanales | Bacillaceae | Paenalkalicoccus	root | domain | no rank | phylum | class | order | family | terminal	cellular organisms; Bacteria; Bacillati; Bacillota; Bacilli; Caryophanales; Bacillaceae; Paenalkalicoccus		path:72c36b1b	Bacteria					path:caf6b61b	Bacillota	path:fb0c8aeb	Bacilli	path:a3a9ac7d	Caryophanales	path:8979e6fb	Bacillaceae				
QKS72054.1	2592382	2592382	input_classification	Paenalkalicoccus	terminal	path:f55e8320 | path:72c36b1b | path:843181cb | path:caf6b61b | path:fb0c8aeb | path:a3a9ac7d | path:8979e6fb | taxid:2592382	cellular organisms | Bacteria | Bacillati | Bacillota | Bacilli | Caryophanales | Bacillaceae | Paenalkalicoccus	root | domain | no rank | phylum | class | order | family | terminal	cellular organisms; Bacteria; Bacillati; Bacillota; Bacilli; Caryophanales; Bacillaceae; Paenalkalicoccus		path:72c36b1b	Bacteria					path:caf6b61b	Bacillota	path:fb0c8aeb	Bacilli	path:a3a9ac7d	Caryophanales	path:8979e6fb	Bacillaceae				
QKS72063.1	2592382	2592382	input_classification	Paenalkalicoccus	terminal	path:f55e8320 | path:72c36b1b | path:843181cb | path:caf6b61b | path:fb0c8aeb | path:a3a9ac7d | path:8979e6fb | taxid:2592382	cellular organisms | Bacteria | Bacillati | Bacillota | Bacilli | Caryophanales | Bacillaceae | Paenalkalicoccus	root | domain | no rank | phylum | class | order | family | terminal	cellular organisms; Bacteria; Bacillati; Bacillota; Bacilli; Caryophanales; Bacillaceae; Paenalkalicoccus		path:72c36b1b	Bacteria					path:caf6b61b	Bacillota	path:fb0c8aeb	Bacilli	path:a3a9ac7d	Caryophanales	path:8979e6fb	Bacillaceae				
QKS72062.1	2592382	2592382	input_classification	Paenalkalicoccus	terminal	path:f55e8320 | path:72c36b1b | path:843181cb | path:caf6b61b | path:fb0c8aeb | path:a3a9ac7d | path:8979e6fb | taxid:2592382	cellular organisms | Bacteria | Bacillati | Bacillota | Bacilli | Caryophanales | Bacillaceae | Paenalkalicoccus	root | domain | no rank | phylum | class | order | family | terminal	cellular organisms; Bacteria; Bacillati; Bacillota; Bacilli; Caryophanales; Bacillaceae; Paenalkalicoccus		path:72c36b1b	Bacteria					path:caf6b61b	Bacillota	path:fb0c8aeb	Bacilli	path:a3a9ac7d	Caryophanales	path:8979e6fb	Bacillaceae				
QKS72058.1	2592382	2592382	input_classification	Paenalkalicoccus	terminal	path:f55e8320 | path:72c36b1b | path:843181cb | path:caf6b61b | path:fb0c8aeb | path:a3a9ac7d | path:8979e6fb | taxid:2592382	cellular organisms | Bacteria | Bacillati | Bacillota | Bacilli | Caryophanales | Bacillaceae | Paenalkalicoccus	root | domain | no rank | phylum | class | order | family | terminal	cellular organisms; Bacteria; Bacillati; Bacillota; Bacilli; Caryophanales; Bacillaceae; Paenalkalicoccus		path:72c36b1b	Bacteria					path:caf6b61b	Bacillota	path:fb0c8aeb	Bacilli	path:a3a9ac7d	Caryophanales	path:8979e6fb	Bacillaceae				
QKS72060.1	2592382	2592382	input_classification	Paenalkalicoccus	terminal	path:f55e8320 | path:72c36b1b | path:843181cb | path:caf6b61b | path:fb0c8aeb | path:a3a9ac7d | path:8979e6fb | taxid:2592382	cellular organisms | Bacteria | Bacillati | Bacillota | Bacilli | Caryophanales | Bacillaceae | Paenalkalicoccus	root | domain | no rank | phylum | class | order | family | terminal	cellular organisms; Bacteria; Bacillati; Bacillota; Bacilli; Caryophanales; Bacillaceae; Paenalkalicoccus		path:72c36b1b	Bacteria					path:caf6b61b	Bacillota	path:fb0c8aeb	Bacilli	path:a3a9ac7d	Caryophanales	path:8979e6fb	Bacillaceae				
QKS72065.1	2592382	2592382	input_classification	Paenalkalicoccus	terminal	path:f55e8320 | path:72c36b1b | path:843181cb | path:caf6b61b | path:fb0c8aeb | path:a3a9ac7d | path:8979e6fb | taxid:2592382	cellular organisms | Bacteria | Bacillati | Bacillota | Bacilli | Caryophanales | Bacillaceae | Paenalkalicoccus	root | domain | no rank | phylum | class | order | family | terminal	cellular organisms; Bacteria; Bacillati; Bacillota; Bacilli; Caryophanales; Bacillaceae; Paenalkalicoccus		path:72c36b1b	Bacteria					path:caf6b61b	Bacillota	path:fb0c8aeb	Bacilli	path:a3a9ac7d	Caryophanales	path:8979e6fb	Bacillaceae				
QKS72053.1	2592382	2592382	input_classification	Paenalkalicoccus	terminal	path:f55e8320 | path:72c36b1b | path:843181cb | path:caf6b61b | path:fb0c8aeb | path:a3a9ac7d | path:8979e6fb | taxid:2592382	cellular organisms | Bacteria | Bacillati | Bacillota | Bacilli | Caryophanales | Bacillaceae | Paenalkalicoccus	root | domain | no rank | phylum | class | order | family | terminal	cellular organisms; Bacteria; Bacillati; Bacillota; Bacilli; Caryophanales; Bacillaceae; Paenalkalicoccus		path:72c36b1b	Bacteria					path:caf6b61b	Bacillota	path:fb0c8aeb	Bacilli	path:a3a9ac7d	Caryophanales	path:8979e6fb	Bacillaceae				
QKS72061.1	2592382	2592382	input_classification	Paenalkalicoccus	terminal	path:f55e8320 | path:72c36b1b | path:843181cb | path:caf6b61b | path:fb0c8aeb | path:a3a9ac7d | path:8979e6fb | taxid:2592382	cellular organisms | Bacteria | Bacillati | Bacillota | Bacilli | Caryophanales | Bacillaceae | Paenalkalicoccus	root | domain | no rank | phylum | class | order | family | terminal	cellular organisms; Bacteria; Bacillati; Bacillota; Bacilli; Caryophanales; Bacillaceae; Paenalkalicoccus		path:72c36b1b	Bacteria					path:caf6b61b	Bacillota	path:fb0c8aeb	Bacilli	path:a3a9ac7d	Caryophanales	path:8979e6fb	Bacillaceae				
QKS72066.1	2592382	2592382	input_classification	Paenalkalicoccus	terminal	path:f55e8320 | path:72c36b1b | path:843181cb | path:caf6b61b | path:fb0c8aeb | path:a3a9ac7d | path:8979e6fb | taxid:2592382	cellular organisms | Bacteria | Bacillati | Bacillota | Bacilli | Caryophanales | Bacillaceae | Paenalkalicoccus	root | domain | no rank | phylum | class | order | family | terminal	cellular organisms; Bacteria; Bacillati; Bacillota; Bacilli; Caryophanales; Bacillaceae; Paenalkalicoccus		path:72c36b1b	Bacteria					path:caf6b61b	Bacillota	path:fb0c8aeb	Bacilli	path:a3a9ac7d	Caryophanales	path:8979e6fb	Bacillaceae				
QKS73292.1	2592382	2592382	input_classification	Paenalkalicoccus	terminal	path:f55e8320 | path:72c36b1b | path:843181cb | path:caf6b61b | path:fb0c8aeb | path:a3a9ac7d | path:8979e6fb | taxid:2592382	cellular organisms | Bacteria | Bacillati | Bacillota | Bacilli | Caryophanales | Bacillaceae | Paenalkalicoccus	root | domain | no rank | phylum | class | order | family | terminal	cellular organisms; Bacteria; Bacillati; Bacillota; Bacilli; Caryophanales; Bacillaceae; Paenalkalicoccus		path:72c36b1b	Bacteria					path:caf6b61b	Bacillota	path:fb0c8aeb	Bacilli	path:a3a9ac7d	Caryophanales	path:8979e6fb	Bacillaceae				
QKS72055.1	2592382	2592382	input_classification	Paenalkalicoccus	terminal	path:f55e8320 | path:72c36b1b | path:843181cb | path:caf6b61b | path:fb0c8aeb | path:a3a9ac7d | path:8979e6fb | taxid:2592382	cellular organisms | Bacteria | Bacillati | Bacillota | Bacilli | Caryophanales | Bacillaceae | Paenalkalicoccus	root | domain | no rank | phylum | class | order | family | terminal	cellular organisms; Bacteria; Bacillati; Bacillota; Bacilli; Caryophanales; Bacillaceae; Paenalkalicoccus		path:72c36b1b	Bacteria					path:caf6b61b	Bacillota	path:fb0c8aeb	Bacilli	path:a3a9ac7d	Caryophanales	path:8979e6fb	Bacillaceae				
QKS72059.1	2592382	2592382	input_classification	Paenalkalicoccus	terminal	path:f55e8320 | path:72c36b1b | path:843181cb | path:caf6b61b | path:fb0c8aeb | path:a3a9ac7d | path:8979e6fb | taxid:2592382	cellular organisms | Bacteria | Bacillati | Bacillota | Bacilli | Caryophanales | Bacillaceae | Paenalkalicoccus	root | domain | no rank | phylum | class | order | family | terminal	cellular organisms; Bacteria; Bacillati; Bacillota; Bacilli; Caryophanales; Bacillaceae; Paenalkalicoccus		path:72c36b1b	Bacteria					path:caf6b61b	Bacillota	path:fb0c8aeb	Bacilli	path:a3a9ac7d	Caryophanales	path:8979e6fb	Bacillaceae				
QKS72064.1	2592382	2592382	input_classification	Paenalkalicoccus	terminal	path:f55e8320 | path:72c36b1b | path:843181cb | path:caf6b61b | path:fb0c8aeb | path:a3a9ac7d | path:8979e6fb | taxid:2592382	cellular organisms | Bacteria | Bacillati | Bacillota | Bacilli | Caryophanales | Bacillaceae | Paenalkalicoccus	root | domain | no rank | phylum | class | order | family | terminal	cellular organisms; Bacteria; Bacillati; Bacillota; Bacilli; Caryophanales; Bacillaceae; Paenalkalicoccus		path:72c36b1b	Bacteria					path:caf6b61b	Bacillota	path:fb0c8aeb	Bacilli	path:a3a9ac7d	Caryophanales	path:8979e6fb	Bacillaceae				
QKS72057.1	2592382	2592382	input_classification	Paenalkalicoccus	terminal	path:f55e8320 | path:72c36b1b | path:843181cb | path:caf6b61b | path:fb0c8aeb | path:a3a9ac7d | path:8979e6fb | taxid:2592382	cellular organisms | Bacteria | Bacillati | Bacillota | Bacilli | Caryophanales | Bacillaceae | Paenalkalicoccus	root | domain | no rank | phylum | class | order | family | terminal	cellular organisms; Bacteria; Bacillati; Bacillota; Bacilli; Caryophanales; Bacillaceae; Paenalkalicoccus		path:72c36b1b	Bacteria					path:caf6b61b	Bacillota	path:fb0c8aeb	Bacilli	path:a3a9ac7d	Caryophanales	path:8979e6fb	Bacillaceae				
MBC8501268.1	2599936	2599936	input_classification	unclassified Nanobdellati	unclassified	path:f55e8320 | path:711f02dd | path:d6ba388a | taxid:2599936	cellular organisms | Archaea | Nanobdellati | unclassified Nanobdellati	root | domain | no rank | unclassified	cellular organisms; Archaea; Nanobdellati; unclassified Nanobdellati		path:711f02dd	Archaea																
MBC8501274.1	2599936	2599936	input_classification	unclassified Nanobdellati	unclassified	path:f55e8320 | path:711f02dd | path:d6ba388a | taxid:2599936	cellular organisms | Archaea | Nanobdellati | unclassified Nanobdellati	root | domain | no rank | unclassified	cellular organisms; Archaea; Nanobdellati; unclassified Nanobdellati		path:711f02dd	Archaea																
MBC8501278.1	2599936	2599936	input_classification	unclassified Nanobdellati	unclassified	path:f55e8320 | path:711f02dd | path:d6ba388a | taxid:2599936	cellular organisms | Archaea | Nanobdellati | unclassified Nanobdellati	root | domain | no rank | unclassified	cellular organisms; Archaea; Nanobdellati; unclassified Nanobdellati		path:711f02dd	Archaea																
MBC8501280.1	2599936	2599936	input_classification	unclassified Nanobdellati	unclassified	path:f55e8320 | path:711f02dd | path:d6ba388a | taxid:2599936	cellular organisms | Archaea | Nanobdellati | unclassified Nanobdellati	root | domain | no rank | unclassified	cellular organisms; Archaea; Nanobdellati; unclassified Nanobdellati		path:711f02dd	Archaea																
MBC8501275.1	2599936	2599936	input_classification	unclassified Nanobdellati	unclassified	path:f55e8320 | path:711f02dd | path:d6ba388a | taxid:2599936	cellular organisms | Archaea | Nanobdellati | unclassified Nanobdellati	root | domain | no rank | unclassified	cellular organisms; Archaea; Nanobdellati; unclassified Nanobdellati		path:711f02dd	Archaea																
MBC8501266.1	2599936	2599936	input_classification	unclassified Nanobdellati	unclassified	path:f55e8320 | path:711f02dd | path:d6ba388a | taxid:2599936	cellular organisms | Archaea | Nanobdellati | unclassified Nanobdellati	root | domain | no rank | unclassified	cellular organisms; Archaea; Nanobdellati; unclassified Nanobdellati		path:711f02dd	Archaea																
MBC8501267.1	2599936	2599936	input_classification	unclassified Nanobdellati	unclassified	path:f55e8320 | path:711f02dd | path:d6ba388a | taxid:2599936	cellular organisms | Archaea | Nanobdellati | unclassified Nanobdellati	root | domain | no rank | unclassified	cellular organisms; Archaea; Nanobdellati; unclassified Nanobdellati		path:711f02dd	Archaea																
MBC8501277.1	2599936	2599936	input_classification	unclassified Nanobdellati	unclassified	path:f55e8320 | path:711f02dd | path:d6ba388a | taxid:2599936	cellular organisms | Archaea | Nanobdellati | unclassified Nanobdellati	root | domain | no rank | unclassified	cellular organisms; Archaea; Nanobdellati; unclassified Nanobdellati		path:711f02dd	Archaea																
MBC8501269.1	2599936	2599936	input_classification	unclassified Nanobdellati	unclassified	path:f55e8320 | path:711f02dd | path:d6ba388a | taxid:2599936	cellular organisms | Archaea | Nanobdellati | unclassified Nanobdellati	root | domain | no rank | unclassified	cellular organisms; Archaea; Nanobdellati; unclassified Nanobdellati		path:711f02dd	Archaea																
MBC8501271.1	2599936	2599936	input_classification	unclassified Nanobdellati	unclassified	path:f55e8320 | path:711f02dd | path:d6ba388a | taxid:2599936	cellular organisms | Archaea | Nanobdellati | unclassified Nanobdellati	root | domain | no rank | unclassified	cellular organisms; Archaea; Nanobdellati; unclassified Nanobdellati		path:711f02dd	Archaea																
MBC8501279.1	2599936	2599936	input_classification	unclassified Nanobdellati	unclassified	path:f55e8320 | path:711f02dd | path:d6ba388a | taxid:2599936	cellular organisms | Archaea | Nanobdellati | unclassified Nanobdellati	root | domain | no rank | unclassified	cellular organisms; Archaea; Nanobdellati; unclassified Nanobdellati		path:711f02dd	Archaea																
MBC8501270.1	2599936	2599936	input_classification	unclassified Nanobdellati	unclassified	path:f55e8320 | path:711f02dd | path:d6ba388a | taxid:2599936	cellular organisms | Archaea | Nanobdellati | unclassified Nanobdellati	root | domain | no rank | unclassified	cellular organisms; Archaea; Nanobdellati; unclassified Nanobdellati		path:711f02dd	Archaea																
MBC8501276.1	2599936	2599936	input_classification	unclassified Nanobdellati	unclassified	path:f55e8320 | path:711f02dd | path:d6ba388a | taxid:2599936	cellular organisms | Archaea | Nanobdellati | unclassified Nanobdellati	root | domain | no rank | unclassified	cellular organisms; Archaea; Nanobdellati; unclassified Nanobdellati		path:711f02dd	Archaea																
MBC8501273.1	2599936	2599936	input_classification	unclassified Nanobdellati	unclassified	path:f55e8320 | path:711f02dd | path:d6ba388a | taxid:2599936	cellular organisms | Archaea | Nanobdellati | unclassified Nanobdellati	root | domain | no rank | unclassified	cellular organisms; Archaea; Nanobdellati; unclassified Nanobdellati		path:711f02dd	Archaea																
MBC8501272.1	2599936	2599936	input_classification	unclassified Nanobdellati	unclassified	path:f55e8320 | path:711f02dd | path:d6ba388a | taxid:2599936	cellular organisms | Archaea | Nanobdellati | unclassified Nanobdellati	root | domain | no rank | unclassified	cellular organisms; Archaea; Nanobdellati; unclassified Nanobdellati		path:711f02dd	Archaea																
GGB03043.1	198482	198482	input_classification	Macrococcus	terminal	path:f55e8320 | path:72c36b1b | path:843181cb | path:caf6b61b | path:fb0c8aeb | path:a3a9ac7d | path:ce4fbff0 | taxid:198482	cellular organisms | Bacteria | Bacillati | Bacillota | Bacilli | Caryophanales | Staphylococcaceae | Macrococcus	root | domain | no rank | phylum | class | order | family | terminal	cellular organisms; Bacteria; Bacillati; Bacillota; Bacilli; Caryophanales; Staphylococcaceae; Macrococcus		path:72c36b1b	Bacteria					path:caf6b61b	Bacillota	path:fb0c8aeb	Bacilli	path:a3a9ac7d	Caryophanales	path:ce4fbff0	Staphylococcaceae				
GGB03057.1	198482	198482	input_classification	Macrococcus	terminal	path:f55e8320 | path:72c36b1b | path:843181cb | path:caf6b61b | path:fb0c8aeb | path:a3a9ac7d | path:ce4fbff0 | taxid:198482	cellular organisms | Bacteria | Bacillati | Bacillota | Bacilli | Caryophanales | Staphylococcaceae | Macrococcus	root | domain | no rank | phylum | class | order | family | terminal	cellular organisms; Bacteria; Bacillati; Bacillota; Bacilli; Caryophanales; Staphylococcaceae; Macrococcus		path:72c36b1b	Bacteria					path:caf6b61b	Bacillota	path:fb0c8aeb	Bacilli	path:a3a9ac7d	Caryophanales	path:ce4fbff0	Staphylococcaceae				
GGB03068.1	198482	198482	input_classification	Macrococcus	terminal	path:f55e8320 | path:72c36b1b | path:843181cb | path:caf6b61b | path:fb0c8aeb | path:a3a9ac7d | path:ce4fbff0 | taxid:198482	cellular organisms | Bacteria | Bacillati | Bacillota | Bacilli | Caryophanales | Staphylococcaceae | Macrococcus	root | domain | no rank | phylum | class | order | family | terminal	cellular organisms; Bacteria; Bacillati; Bacillota; Bacilli; Caryophanales; Staphylococcaceae; Macrococcus		path:72c36b1b	Bacteria					path:caf6b61b	Bacillota	path:fb0c8aeb	Bacilli	path:a3a9ac7d	Caryophanales	path:ce4fbff0	Staphylococcaceae				
GGB03049.1	198482	198482	input_classification	Macrococcus	terminal	path:f55e8320 | path:72c36b1b | path:843181cb | path:caf6b61b | path:fb0c8aeb | path:a3a9ac7d | path:ce4fbff0 | taxid:198482	cellular organisms | Bacteria | Bacillati | Bacillota | Bacilli | Caryophanales | Staphylococcaceae | Macrococcus	root | domain | no rank | phylum | class | order | family | terminal	cellular organisms; Bacteria; Bacillati; Bacillota; Bacilli; Caryophanales; Staphylococcaceae; Macrococcus		path:72c36b1b	Bacteria					path:caf6b61b	Bacillota	path:fb0c8aeb	Bacilli	path:a3a9ac7d	Caryophanales	path:ce4fbff0	Staphylococcaceae				
GGB03063.1	198482	198482	input_classification	Macrococcus	terminal	path:f55e8320 | path:72c36b1b | path:843181cb | path:caf6b61b | path:fb0c8aeb | path:a3a9ac7d | path:ce4fbff0 | taxid:198482	cellular organisms | Bacteria | Bacillati | Bacillota | Bacilli | Caryophanales | Staphylococcaceae | Macrococcus	root | domain | no rank | phylum | class | order | family | terminal	cellular organisms; Bacteria; Bacillati; Bacillota; Bacilli; Caryophanales; Staphylococcaceae; Macrococcus		path:72c36b1b	Bacteria					path:caf6b61b	Bacillota	path:fb0c8aeb	Bacilli	path:a3a9ac7d	Caryophanales	path:ce4fbff0	Staphylococcaceae				
MBI5391624.1	2026803	2026803	input_classification	unclassified Candidatus Woesearchaeota	unclassified	path:f55e8320 | path:711f02dd | path:d6ba388a | path:2afae99a | taxid:2026803	cellular organisms | Archaea | Nanobdellati | Candidatus Woesearchaeota | unclassified Candidatus Woesearchaeota	root | domain | no rank | phylum | unclassified	cellular organisms; Archaea; Nanobdellati; Candidatus Woesearchaeota; unclassified Candidatus Woesearchaeota		path:711f02dd	Archaea					path:2afae99a	Candidatus Woesearchaeota										
MBI5391620.1	2026803	2026803	input_classification	unclassified Candidatus Woesearchaeota	unclassified	path:f55e8320 | path:711f02dd | path:d6ba388a | path:2afae99a | taxid:2026803	cellular organisms | Archaea | Nanobdellati | Candidatus Woesearchaeota | unclassified Candidatus Woesearchaeota	root | domain | no rank | phylum | unclassified	cellular organisms; Archaea; Nanobdellati; Candidatus Woesearchaeota; unclassified Candidatus Woesearchaeota		path:711f02dd	Archaea					path:2afae99a	Candidatus Woesearchaeota										
MBI5391622.1	2026803	2026803	input_classification	unclassified Candidatus Woesearchaeota	unclassified	path:f55e8320 | path:711f02dd | path:d6ba388a | path:2afae99a | taxid:2026803	cellular organisms | Archaea | Nanobdellati | Candidatus Woesearchaeota | unclassified Candidatus Woesearchaeota	root | domain | no rank | phylum | unclassified	cellular organisms; Archaea; Nanobdellati; Candidatus Woesearchaeota; unclassified Candidatus Woesearchaeota		path:711f02dd	Archaea					path:2afae99a	Candidatus Woesearchaeota										
MBI5391619.1	2026803	2026803	input_classification	unclassified Candidatus Woesearchaeota	unclassified	path:f55e8320 | path:711f02dd | path:d6ba388a | path:2afae99a | taxid:2026803	cellular organisms | Archaea | Nanobdellati | Candidatus Woesearchaeota | unclassified Candidatus Woesearchaeota	root | domain | no rank | phylum | unclassified	cellular organisms; Archaea; Nanobdellati; Candidatus Woesearchaeota; unclassified Candidatus Woesearchaeota		path:711f02dd	Archaea					path:2afae99a	Candidatus Woesearchaeota										
MBI5391621.1	2026803	2026803	input_classification	unclassified Candidatus Woesearchaeota	unclassified	path:f55e8320 | path:711f02dd | path:d6ba388a | path:2afae99a | taxid:2026803	cellular organisms | Archaea | Nanobdellati | Candidatus Woesearchaeota | unclassified Candidatus Woesearchaeota	root | domain | no rank | phylum | unclassified	cellular organisms; Archaea; Nanobdellati; Candidatus Woesearchaeota; unclassified Candidatus Woesearchaeota		path:711f02dd	Archaea					path:2afae99a	Candidatus Woesearchaeota										
MBI5391623.1	2026803	2026803	input_classification	unclassified Candidatus Woesearchaeota	unclassified	path:f55e8320 | path:711f02dd | path:d6ba388a | path:2afae99a | taxid:2026803	cellular organisms | Archaea | Nanobdellati | Candidatus Woesearchaeota | unclassified Candidatus Woesearchaeota	root | domain | no rank | phylum | unclassified	cellular organisms; Archaea; Nanobdellati; Candidatus Woesearchaeota; unclassified Candidatus Woesearchaeota		path:711f02dd	Archaea					path:2afae99a	Candidatus Woesearchaeota										
MBR9675390.1	2026803	2026803	input_classification	unclassified Candidatus Woesearchaeota	unclassified	path:f55e8320 | path:711f02dd | path:d6ba388a | path:2afae99a | taxid:2026803	cellular organisms | Archaea | Nanobdellati | Candidatus Woesearchaeota | unclassified Candidatus Woesearchaeota	root | domain | no rank | phylum | unclassified	cellular organisms; Archaea; Nanobdellati; Candidatus Woesearchaeota; unclassified Candidatus Woesearchaeota		path:711f02dd	Archaea					path:2afae99a	Candidatus Woesearchaeota										
MBR9675391.1	2026803	2026803	input_classification	unclassified Candidatus Woesearchaeota	unclassified	path:f55e8320 | path:711f02dd | path:d6ba388a | path:2afae99a | taxid:2026803	cellular organisms | Archaea | Nanobdellati | Candidatus Woesearchaeota | unclassified Candidatus Woesearchaeota	root | domain | no rank | phylum | unclassified	cellular organisms; Archaea; Nanobdellati; Candidatus Woesearchaeota; unclassified Candidatus Woesearchaeota		path:711f02dd	Archaea					path:2afae99a	Candidatus Woesearchaeota										
MBR9675401.1	2026803	2026803	input_classification	unclassified Candidatus Woesearchaeota	unclassified	path:f55e8320 | path:711f02dd | path:d6ba388a | path:2afae99a | taxid:2026803	cellular organisms | Archaea | Nanobdellati | Candidatus Woesearchaeota | unclassified Candidatus Woesearchaeota	root | domain | no rank | phylum | unclassified	cellular organisms; Archaea; Nanobdellati; Candidatus Woesearchaeota; unclassified Candidatus Woesearchaeota		path:711f02dd	Archaea					path:2afae99a	Candidatus Woesearchaeota										
MBR9675400.1	2026803	2026803	input_classification	unclassified Candidatus Woesearchaeota	unclassified	path:f55e8320 | path:711f02dd | path:d6ba388a | path:2afae99a | taxid:2026803	cellular organisms | Archaea | Nanobdellati | Candidatus Woesearchaeota | unclassified Candidatus Woesearchaeota	root | domain | no rank | phylum | unclassified	cellular organisms; Archaea; Nanobdellati; Candidatus Woesearchaeota; unclassified Candidatus Woesearchaeota		path:711f02dd	Archaea					path:2afae99a	Candidatus Woesearchaeota										
MBR9675389.1	2026803	2026803	input_classification	unclassified Candidatus Woesearchaeota	unclassified	path:f55e8320 | path:711f02dd | path:d6ba388a | path:2afae99a | taxid:2026803	cellular organisms | Archaea | Nanobdellati | Candidatus Woesearchaeota | unclassified Candidatus Woesearchaeota	root | domain | no rank | phylum | unclassified	cellular organisms; Archaea; Nanobdellati; Candidatus Woesearchaeota; unclassified Candidatus Woesearchaeota		path:711f02dd	Archaea					path:2afae99a	Candidatus Woesearchaeota										
MBR9675403.1	2026803	2026803	input_classification	unclassified Candidatus Woesearchaeota	unclassified	path:f55e8320 | path:711f02dd | path:d6ba388a | path:2afae99a | taxid:2026803	cellular organisms | Archaea | Nanobdellati | Candidatus Woesearchaeota | unclassified Candidatus Woesearchaeota	root | domain | no rank | phylum | unclassified	cellular organisms; Archaea; Nanobdellati; Candidatus Woesearchaeota; unclassified Candidatus Woesearchaeota		path:711f02dd	Archaea					path:2afae99a	Candidatus Woesearchaeota										
MBR9675397.1	2026803	2026803	input_classification	unclassified Candidatus Woesearchaeota	unclassified	path:f55e8320 | path:711f02dd | path:d6ba388a | path:2afae99a | taxid:2026803	cellular organisms | Archaea | Nanobdellati | Candidatus Woesearchaeota | unclassified Candidatus Woesearchaeota	root | domain | no rank | phylum | unclassified	cellular organisms; Archaea; Nanobdellati; Candidatus Woesearchaeota; unclassified Candidatus Woesearchaeota		path:711f02dd	Archaea					path:2afae99a	Candidatus Woesearchaeota										
MBR9675394.1	2026803	2026803	input_classification	unclassified Candidatus Woesearchaeota	unclassified	path:f55e8320 | path:711f02dd | path:d6ba388a | path:2afae99a | taxid:2026803	cellular organisms | Archaea | Nanobdellati | Candidatus Woesearchaeota | unclassified Candidatus Woesearchaeota	root | domain | no rank | phylum | unclassified	cellular organisms; Archaea; Nanobdellati; Candidatus Woesearchaeota; unclassified Candidatus Woesearchaeota		path:711f02dd	Archaea					path:2afae99a	Candidatus Woesearchaeota										
MBR9675392.1	2026803	2026803	input_classification	unclassified Candidatus Woesearchaeota	unclassified	path:f55e8320 | path:711f02dd | path:d6ba388a | path:2afae99a | taxid:2026803	cellular organisms | Archaea | Nanobdellati | Candidatus Woesearchaeota | unclassified Candidatus Woesearchaeota	root | domain | no rank | phylum | unclassified	cellular organisms; Archaea; Nanobdellati; Candidatus Woesearchaeota; unclassified Candidatus Woesearchaeota		path:711f02dd	Archaea					path:2afae99a	Candidatus Woesearchaeota										
MBR9675393.1	2026803	2026803	input_classification	unclassified Candidatus Woesearchaeota	unclassified	path:f55e8320 | path:711f02dd | path:d6ba388a | path:2afae99a | taxid:2026803	cellular organisms | Archaea | Nanobdellati | Candidatus Woesearchaeota | unclassified Candidatus Woesearchaeota	root | domain | no rank | phylum | unclassified	cellular organisms; Archaea; Nanobdellati; Candidatus Woesearchaeota; unclassified Candidatus Woesearchaeota		path:711f02dd	Archaea					path:2afae99a	Candidatus Woesearchaeota										
MBR9675395.1	2026803	2026803	input_classification	unclassified Candidatus Woesearchaeota	unclassified	path:f55e8320 | path:711f02dd | path:d6ba388a | path:2afae99a | taxid:2026803	cellular organisms | Archaea | Nanobdellati | Candidatus Woesearchaeota | unclassified Candidatus Woesearchaeota	root | domain | no rank | phylum | unclassified	cellular organisms; Archaea; Nanobdellati; Candidatus Woesearchaeota; unclassified Candidatus Woesearchaeota		path:711f02dd	Archaea					path:2afae99a	Candidatus Woesearchaeota										
MBR9675396.1	2026803	2026803	input_classification	unclassified Candidatus Woesearchaeota	unclassified	path:f55e8320 | path:711f02dd | path:d6ba388a | path:2afae99a | taxid:2026803	cellular organisms | Archaea | Nanobdellati | Candidatus Woesearchaeota | unclassified Candidatus Woesearchaeota	root | domain | no rank | phylum | unclassified	cellular organisms; Archaea; Nanobdellati; Candidatus Woesearchaeota; unclassified Candidatus Woesearchaeota		path:711f02dd	Archaea					path:2afae99a	Candidatus Woesearchaeota										
MBR9675398.1	2026803	2026803	input_classification	unclassified Candidatus Woesearchaeota	unclassified	path:f55e8320 | path:711f02dd | path:d6ba388a | path:2afae99a | taxid:2026803	cellular organisms | Archaea | Nanobdellati | Candidatus Woesearchaeota | unclassified Candidatus Woesearchaeota	root | domain | no rank | phylum | unclassified	cellular organisms; Archaea; Nanobdellati; Candidatus Woesearchaeota; unclassified Candidatus Woesearchaeota		path:711f02dd	Archaea					path:2afae99a	Candidatus Woesearchaeota										
MBR9675402.1	2026803	2026803	input_classification	unclassified Candidatus Woesearchaeota	unclassified	path:f55e8320 | path:711f02dd | path:d6ba388a | path:2afae99a | taxid:2026803	cellular organisms | Archaea | Nanobdellati | Candidatus Woesearchaeota | unclassified Candidatus Woesearchaeota	root | domain | no rank | phylum | unclassified	cellular organisms; Archaea; Nanobdellati; Candidatus Woesearchaeota; unclassified Candidatus Woesearchaeota		path:711f02dd	Archaea					path:2afae99a	Candidatus Woesearchaeota										
MBR9675399.1	2026803	2026803	input_classification	unclassified Candidatus Woesearchaeota	unclassified	path:f55e8320 | path:711f02dd | path:d6ba388a | path:2afae99a | taxid:2026803	cellular organisms | Archaea | Nanobdellati | Candidatus Woesearchaeota | unclassified Candidatus Woesearchaeota	root | domain | no rank | phylum | unclassified	cellular organisms; Archaea; Nanobdellati; Candidatus Woesearchaeota; unclassified Candidatus Woesearchaeota		path:711f02dd	Archaea					path:2afae99a	Candidatus Woesearchaeota										
MBS3098534.1	2026803	2026803	input_classification	unclassified Candidatus Woesearchaeota	unclassified	path:f55e8320 | path:711f02dd | path:d6ba388a | path:2afae99a | taxid:2026803	cellular organisms | Archaea | Nanobdellati | Candidatus Woesearchaeota | unclassified Candidatus Woesearchaeota	root | domain | no rank | phylum | unclassified	cellular organisms; Archaea; Nanobdellati; Candidatus Woesearchaeota; unclassified Candidatus Woesearchaeota		path:711f02dd	Archaea					path:2afae99a	Candidatus Woesearchaeota										
MBS3098530.1	2026803	2026803	input_classification	unclassified Candidatus Woesearchaeota	unclassified	path:f55e8320 | path:711f02dd | path:d6ba388a | path:2afae99a | taxid:2026803	cellular organisms | Archaea | Nanobdellati | Candidatus Woesearchaeota | unclassified Candidatus Woesearchaeota	root | domain | no rank | phylum | unclassified	cellular organisms; Archaea; Nanobdellati; Candidatus Woesearchaeota; unclassified Candidatus Woesearchaeota		path:711f02dd	Archaea					path:2afae99a	Candidatus Woesearchaeota										
MBS3098527.1	2026803	2026803	input_classification	unclassified Candidatus Woesearchaeota	unclassified	path:f55e8320 | path:711f02dd | path:d6ba388a | path:2afae99a | taxid:2026803	cellular organisms | Archaea | Nanobdellati | Candidatus Woesearchaeota | unclassified Candidatus Woesearchaeota	root | domain | no rank | phylum | unclassified	cellular organisms; Archaea; Nanobdellati; Candidatus Woesearchaeota; unclassified Candidatus Woesearchaeota		path:711f02dd	Archaea					path:2afae99a	Candidatus Woesearchaeota										
MBS3098525.1	2026803	2026803	input_classification	unclassified Candidatus Woesearchaeota	unclassified	path:f55e8320 | path:711f02dd | path:d6ba388a | path:2afae99a | taxid:2026803	cellular organisms | Archaea | Nanobdellati | Candidatus Woesearchaeota | unclassified Candidatus Woesearchaeota	root | domain | no rank | phylum | unclassified	cellular organisms; Archaea; Nanobdellati; Candidatus Woesearchaeota; unclassified Candidatus Woesearchaeota		path:711f02dd	Archaea					path:2afae99a	Candidatus Woesearchaeota										
MBS3098533.1	2026803	2026803	input_classification	unclassified Candidatus Woesearchaeota	unclassified	path:f55e8320 | path:711f02dd | path:d6ba388a | path:2afae99a | taxid:2026803	cellular organisms | Archaea | Nanobdellati | Candidatus Woesearchaeota | unclassified Candidatus Woesearchaeota	root | domain | no rank | phylum | unclassified	cellular organisms; Archaea; Nanobdellati; Candidatus Woesearchaeota; unclassified Candidatus Woesearchaeota		path:711f02dd	Archaea					path:2afae99a	Candidatus Woesearchaeota										
MBS3098528.1	2026803	2026803	input_classification	unclassified Candidatus Woesearchaeota	unclassified	path:f55e8320 | path:711f02dd | path:d6ba388a | path:2afae99a | taxid:2026803	cellular organisms | Archaea | Nanobdellati | Candidatus Woesearchaeota | unclassified Candidatus Woesearchaeota	root | domain | no rank | phylum | unclassified	cellular organisms; Archaea; Nanobdellati; Candidatus Woesearchaeota; unclassified Candidatus Woesearchaeota		path:711f02dd	Archaea					path:2afae99a	Candidatus Woesearchaeota										
MBS3098526.1	2026803	2026803	input_classification	unclassified Candidatus Woesearchaeota	unclassified	path:f55e8320 | path:711f02dd | path:d6ba388a | path:2afae99a | taxid:2026803	cellular organisms | Archaea | Nanobdellati | Candidatus Woesearchaeota | unclassified Candidatus Woesearchaeota	root | domain | no rank | phylum | unclassified	cellular organisms; Archaea; Nanobdellati; Candidatus Woesearchaeota; unclassified Candidatus Woesearchaeota		path:711f02dd	Archaea					path:2afae99a	Candidatus Woesearchaeota										
MBS3098535.1	2026803	2026803	input_classification	unclassified Candidatus Woesearchaeota	unclassified	path:f55e8320 | path:711f02dd | path:d6ba388a | path:2afae99a | taxid:2026803	cellular organisms | Archaea | Nanobdellati | Candidatus Woesearchaeota | unclassified Candidatus Woesearchaeota	root | domain | no rank | phylum | unclassified	cellular organisms; Archaea; Nanobdellati; Candidatus Woesearchaeota; unclassified Candidatus Woesearchaeota		path:711f02dd	Archaea					path:2afae99a	Candidatus Woesearchaeota										
MBS3098536.1	2026803	2026803	input_classification	unclassified Candidatus Woesearchaeota	unclassified	path:f55e8320 | path:711f02dd | path:d6ba388a | path:2afae99a | taxid:2026803	cellular organisms | Archaea | Nanobdellati | Candidatus Woesearchaeota | unclassified Candidatus Woesearchaeota	root | domain | no rank | phylum | unclassified	cellular organisms; Archaea; Nanobdellati; Candidatus Woesearchaeota; unclassified Candidatus Woesearchaeota		path:711f02dd	Archaea					path:2afae99a	Candidatus Woesearchaeota										
MBS3098532.1	2026803	2026803	input_classification	unclassified Candidatus Woesearchaeota	unclassified	path:f55e8320 | path:711f02dd | path:d6ba388a | path:2afae99a | taxid:2026803	cellular organisms | Archaea | Nanobdellati | Candidatus Woesearchaeota | unclassified Candidatus Woesearchaeota	root | domain | no rank | phylum | unclassified	cellular organisms; Archaea; Nanobdellati; Candidatus Woesearchaeota; unclassified Candidatus Woesearchaeota		path:711f02dd	Archaea					path:2afae99a	Candidatus Woesearchaeota										
MBS3098531.1	2026803	2026803	input_classification	unclassified Candidatus Woesearchaeota	unclassified	path:f55e8320 | path:711f02dd | path:d6ba388a | path:2afae99a | taxid:2026803	cellular organisms | Archaea | Nanobdellati | Candidatus Woesearchaeota | unclassified Candidatus Woesearchaeota	root | domain | no rank | phylum | unclassified	cellular organisms; Archaea; Nanobdellati; Candidatus Woesearchaeota; unclassified Candidatus Woesearchaeota		path:711f02dd	Archaea					path:2afae99a	Candidatus Woesearchaeota										
MBS3098529.1	2026803	2026803	input_classification	unclassified Candidatus Woesearchaeota	unclassified	path:f55e8320 | path:711f02dd | path:d6ba388a | path:2afae99a | taxid:2026803	cellular organisms | Archaea | Nanobdellati | Candidatus Woesearchaeota | unclassified Candidatus Woesearchaeota	root | domain | no rank | phylum | unclassified	cellular organisms; Archaea; Nanobdellati; Candidatus Woesearchaeota; unclassified Candidatus Woesearchaeota		path:711f02dd	Archaea					path:2afae99a	Candidatus Woesearchaeota										
GIN57737.1	217495	217495	input_classification	Lederbergia	terminal	path:f55e8320 | path:72c36b1b | path:843181cb | path:caf6b61b | path:fb0c8aeb | path:a3a9ac7d | path:8979e6fb | taxid:217495	cellular organisms | Bacteria | Bacillati | Bacillota | Bacilli | Caryophanales | Bacillaceae | Lederbergia	root | domain | no rank | phylum | class | order | family | terminal	cellular organisms; Bacteria; Bacillati; Bacillota; Bacilli; Caryophanales; Bacillaceae; Lederbergia		path:72c36b1b	Bacteria					path:caf6b61b	Bacillota	path:fb0c8aeb	Bacilli	path:a3a9ac7d	Caryophanales	path:8979e6fb	Bacillaceae				
GIN57738.1	217495	217495	input_classification	Lederbergia	terminal	path:f55e8320 | path:72c36b1b | path:843181cb | path:caf6b61b | path:fb0c8aeb | path:a3a9ac7d | path:8979e6fb | taxid:217495	cellular organisms | Bacteria | Bacillati | Bacillota | Bacilli | Caryophanales | Bacillaceae | Lederbergia	root | domain | no rank | phylum | class | order | family | terminal	cellular organisms; Bacteria; Bacillati; Bacillota; Bacilli; Caryophanales; Bacillaceae; Lederbergia		path:72c36b1b	Bacteria					path:caf6b61b	Bacillota	path:fb0c8aeb	Bacilli	path:a3a9ac7d	Caryophanales	path:8979e6fb	Bacillaceae				
MFS0615506.1	217495	217495	input_classification	Lederbergia	terminal	path:f55e8320 | path:72c36b1b | path:843181cb | path:caf6b61b | path:fb0c8aeb | path:a3a9ac7d | path:8979e6fb | taxid:217495	cellular organisms | Bacteria | Bacillati | Bacillota | Bacilli | Caryophanales | Bacillaceae | Lederbergia	root | domain | no rank | phylum | class | order | family | terminal	cellular organisms; Bacteria; Bacillati; Bacillota; Bacilli; Caryophanales; Bacillaceae; Lederbergia		path:72c36b1b	Bacteria					path:caf6b61b	Bacillota	path:fb0c8aeb	Bacilli	path:a3a9ac7d	Caryophanales	path:8979e6fb	Bacillaceae				
MFS0615502.1	217495	217495	input_classification	Lederbergia	terminal	path:f55e8320 | path:72c36b1b | path:843181cb | path:caf6b61b | path:fb0c8aeb | path:a3a9ac7d | path:8979e6fb | taxid:217495	cellular organisms | Bacteria | Bacillati | Bacillota | Bacilli | Caryophanales | Bacillaceae | Lederbergia	root | domain | no rank | phylum | class | order | family | terminal	cellular organisms; Bacteria; Bacillati; Bacillota; Bacilli; Caryophanales; Bacillaceae; Lederbergia		path:72c36b1b	Bacteria					path:caf6b61b	Bacillota	path:fb0c8aeb	Bacilli	path:a3a9ac7d	Caryophanales	path:8979e6fb	Bacillaceae				
MFS0615498.1	217495	217495	input_classification	Lederbergia	terminal	path:f55e8320 | path:72c36b1b | path:843181cb | path:caf6b61b | path:fb0c8aeb | path:a3a9ac7d | path:8979e6fb | taxid:217495	cellular organisms | Bacteria | Bacillati | Bacillota | Bacilli | Caryophanales | Bacillaceae | Lederbergia	root | domain | no rank | phylum | class | order | family | terminal	cellular organisms; Bacteria; Bacillati; Bacillota; Bacilli; Caryophanales; Bacillaceae; Lederbergia		path:72c36b1b	Bacteria					path:caf6b61b	Bacillota	path:fb0c8aeb	Bacilli	path:a3a9ac7d	Caryophanales	path:8979e6fb	Bacillaceae				
MFS0615499.1	217495	217495	input_classification	Lederbergia	terminal	path:f55e8320 | path:72c36b1b | path:843181cb | path:caf6b61b | path:fb0c8aeb | path:a3a9ac7d | path:8979e6fb | taxid:217495	cellular organisms | Bacteria | Bacillati | Bacillota | Bacilli | Caryophanales | Bacillaceae | Lederbergia	root | domain | no rank | phylum | class | order | family | terminal	cellular organisms; Bacteria; Bacillati; Bacillota; Bacilli; Caryophanales; Bacillaceae; Lederbergia		path:72c36b1b	Bacteria					path:caf6b61b	Bacillota	path:fb0c8aeb	Bacilli	path:a3a9ac7d	Caryophanales	path:8979e6fb	Bacillaceae				
MFS0615508.1	217495	217495	input_classification	Lederbergia	terminal	path:f55e8320 | path:72c36b1b | path:843181cb | path:caf6b61b | path:fb0c8aeb | path:a3a9ac7d | path:8979e6fb | taxid:217495	cellular organisms | Bacteria | Bacillati | Bacillota | Bacilli | Caryophanales | Bacillaceae | Lederbergia	root | domain | no rank | phylum | class | order | family | terminal	cellular organisms; Bacteria; Bacillati; Bacillota; Bacilli; Caryophanales; Bacillaceae; Lederbergia		path:72c36b1b	Bacteria					path:caf6b61b	Bacillota	path:fb0c8aeb	Bacilli	path:a3a9ac7d	Caryophanales	path:8979e6fb	Bacillaceae				
MFS0615497.1	217495	217495	input_classification	Lederbergia	terminal	path:f55e8320 | path:72c36b1b | path:843181cb | path:caf6b61b | path:fb0c8aeb | path:a3a9ac7d | path:8979e6fb | taxid:217495	cellular organisms | Bacteria | Bacillati | Bacillota | Bacilli | Caryophanales | Bacillaceae | Lederbergia	root | domain | no rank | phylum | class | order | family | terminal	cellular organisms; Bacteria; Bacillati; Bacillota; Bacilli; Caryophanales; Bacillaceae; Lederbergia		path:72c36b1b	Bacteria					path:caf6b61b	Bacillota	path:fb0c8aeb	Bacilli	path:a3a9ac7d	Caryophanales	path:8979e6fb	Bacillaceae				
MFS0615494.1	217495	217495	input_classification	Lederbergia	terminal	path:f55e8320 | path:72c36b1b | path:843181cb | path:caf6b61b | path:fb0c8aeb | path:a3a9ac7d | path:8979e6fb | taxid:217495	cellular organisms | Bacteria | Bacillati | Bacillota | Bacilli | Caryophanales | Bacillaceae | Lederbergia	root | domain | no rank | phylum | class | order | family | terminal	cellular organisms; Bacteria; Bacillati; Bacillota; Bacilli; Caryophanales; Bacillaceae; Lederbergia		path:72c36b1b	Bacteria					path:caf6b61b	Bacillota	path:fb0c8aeb	Bacilli	path:a3a9ac7d	Caryophanales	path:8979e6fb	Bacillaceae				
MFS0615504.1	217495	217495	input_classification	Lederbergia	terminal	path:f55e8320 | path:72c36b1b | path:843181cb | path:caf6b61b | path:fb0c8aeb | path:a3a9ac7d | path:8979e6fb | taxid:217495	cellular organisms | Bacteria | Bacillati | Bacillota | Bacilli | Caryophanales | Bacillaceae | Lederbergia	root | domain | no rank | phylum | class | order | family | terminal	cellular organisms; Bacteria; Bacillati; Bacillota; Bacilli; Caryophanales; Bacillaceae; Lederbergia		path:72c36b1b	Bacteria					path:caf6b61b	Bacillota	path:fb0c8aeb	Bacilli	path:a3a9ac7d	Caryophanales	path:8979e6fb	Bacillaceae				
MFS0615496.1	217495	217495	input_classification	Lederbergia	terminal	path:f55e8320 | path:72c36b1b | path:843181cb | path:caf6b61b | path:fb0c8aeb | path:a3a9ac7d | path:8979e6fb | taxid:217495	cellular organisms | Bacteria | Bacillati | Bacillota | Bacilli | Caryophanales | Bacillaceae | Lederbergia	root | domain | no rank | phylum | class | order | family | terminal	cellular organisms; Bacteria; Bacillati; Bacillota; Bacilli; Caryophanales; Bacillaceae; Lederbergia		path:72c36b1b	Bacteria					path:caf6b61b	Bacillota	path:fb0c8aeb	Bacilli	path:a3a9ac7d	Caryophanales	path:8979e6fb	Bacillaceae				
MFS0615495.1	217495	217495	input_classification	Lederbergia	terminal	path:f55e8320 | path:72c36b1b | path:843181cb | path:caf6b61b | path:fb0c8aeb | path:a3a9ac7d | path:8979e6fb | taxid:217495	cellular organisms | Bacteria | Bacillati | Bacillota | Bacilli | Caryophanales | Bacillaceae | Lederbergia	root | domain | no rank | phylum | class | order | family | terminal	cellular organisms; Bacteria; Bacillati; Bacillota; Bacilli; Caryophanales; Bacillaceae; Lederbergia		path:72c36b1b	Bacteria					path:caf6b61b	Bacillota	path:fb0c8aeb	Bacilli	path:a3a9ac7d	Caryophanales	path:8979e6fb	Bacillaceae				
MFS0615501.1	217495	217495	input_classification	Lederbergia	terminal	path:f55e8320 | path:72c36b1b | path:843181cb | path:caf6b61b | path:fb0c8aeb | path:a3a9ac7d | path:8979e6fb | taxid:217495	cellular organisms | Bacteria | Bacillati | Bacillota | Bacilli | Caryophanales | Bacillaceae | Lederbergia	root | domain | no rank | phylum | class | order | family | terminal	cellular organisms; Bacteria; Bacillati; Bacillota; Bacilli; Caryophanales; Bacillaceae; Lederbergia		path:72c36b1b	Bacteria					path:caf6b61b	Bacillota	path:fb0c8aeb	Bacilli	path:a3a9ac7d	Caryophanales	path:8979e6fb	Bacillaceae				
MFS0615503.1	217495	217495	input_classification	Lederbergia	terminal	path:f55e8320 | path:72c36b1b | path:843181cb | path:caf6b61b | path:fb0c8aeb | path:a3a9ac7d | path:8979e6fb | taxid:217495	cellular organisms | Bacteria | Bacillati | Bacillota | Bacilli | Caryophanales | Bacillaceae | Lederbergia	root | domain | no rank | phylum | class | order | family | terminal	cellular organisms; Bacteria; Bacillati; Bacillota; Bacilli; Caryophanales; Bacillaceae; Lederbergia		path:72c36b1b	Bacteria					path:caf6b61b	Bacillota	path:fb0c8aeb	Bacilli	path:a3a9ac7d	Caryophanales	path:8979e6fb	Bacillaceae				
MFS0615500.1	217495	217495	input_classification	Lederbergia	terminal	path:f55e8320 | path:72c36b1b | path:843181cb | path:caf6b61b | path:fb0c8aeb | path:a3a9ac7d | path:8979e6fb | taxid:217495	cellular organisms | Bacteria | Bacillati | Bacillota | Bacilli | Caryophanales | Bacillaceae | Lederbergia	root | domain | no rank | phylum | class | order | family | terminal	cellular organisms; Bacteria; Bacillati; Bacillota; Bacilli; Caryophanales; Bacillaceae; Lederbergia		path:72c36b1b	Bacteria					path:caf6b61b	Bacillota	path:fb0c8aeb	Bacilli	path:a3a9ac7d	Caryophanales	path:8979e6fb	Bacillaceae				
MFS0615507.1	217495	217495	input_classification	Lederbergia	terminal	path:f55e8320 | path:72c36b1b | path:843181cb | path:caf6b61b | path:fb0c8aeb | path:a3a9ac7d | path:8979e6fb | taxid:217495	cellular organisms | Bacteria | Bacillati | Bacillota | Bacilli | Caryophanales | Bacillaceae | Lederbergia	root | domain | no rank | phylum | class | order | family | terminal	cellular organisms; Bacteria; Bacillati; Bacillota; Bacilli; Caryophanales; Bacillaceae; Lederbergia		path:72c36b1b	Bacteria					path:caf6b61b	Bacillota	path:fb0c8aeb	Bacilli	path:a3a9ac7d	Caryophanales	path:8979e6fb	Bacillaceae				
MFS0615505.1	217495	217495	input_classification	Lederbergia	terminal	path:f55e8320 | path:72c36b1b | path:843181cb | path:caf6b61b | path:fb0c8aeb | path:a3a9ac7d | path:8979e6fb | taxid:217495	cellular organisms | Bacteria | Bacillati | Bacillota | Bacilli | Caryophanales | Bacillaceae | Lederbergia	root | domain | no rank | phylum | class | order | family | terminal	cellular organisms; Bacteria; Bacillati; Bacillota; Bacilli; Caryophanales; Bacillaceae; Lederbergia		path:72c36b1b	Bacteria					path:caf6b61b	Bacillota	path:fb0c8aeb	Bacilli	path:a3a9ac7d	Caryophanales	path:8979e6fb	Bacillaceae				
