pid	taxid	classification
WP_133429644.1	198482	cellular organisms; Bacteria; Bacillati; Bacillota; Bacilli; Caryophanales; Staphylococcaceae; Macrococcus
WP_133428774.1	198482	cellular organisms; Bacteria; Bacillati; Bacillota; Bacilli; Caryophanales; Staphylococcaceae; Macrococcus
WP_133428776.1	198482	cellular organisms; Bacteria; Bacillati; Bacillota; Bacilli; Caryophanales; Staphylococcaceae; Macrococcus
WP_133428778.1	198482	cellular organisms; Bacteria; Bacillati; Bacillota; Bacilli; Caryophanales; Staphylococcaceae; Macrococcus
WP_373282937.1	198482	cellular organisms; Bacteria; Bacillati; Bacillota; Bacilli; Caryophanales; Staphylococcaceae; Macrococcus
WP_133428775.1	198482	cellular organisms; Bacteria; Bacillati; Bacillota; Bacilli; Caryophanales; Staphylococcaceae; Macrococcus
WP_133428777.1	198482	cellular organisms; Bacteria; Bacillati; Bacillota; Bacilli; Caryophanales; Staphylococcaceae; Macrococcus
WP_176010039.1	2592382	cellular organisms; Bacteria; Bacillati; Bacillota; Bacilli; Caryophanales; Bacillaceae; Paenalkalicoccus
WP_176010037.1	2592382	cellular organisms; Bacteria; Bacillati; Bacillota; Bacilli; Caryophanales; Bacillaceae; Paenalkalicoccus
WP_176010046.1	2592382	cellular organisms; Bacteria; Bacillati; Bacillota; Bacilli; Caryophanales; Bacillaceae; Paenalkalicoccus
WP_176010045.1	2592382	cellular organisms; Bacteria; Bacillati; Bacillota; Bacilli; Caryophanales; Bacillaceae; Paenalkalicoccus
WP_176010041.1	2592382	cellular organisms; Bacteria; Bacillati; Bacillota; Bacilli; Caryophanales; Bacillaceae; Paenalkalicoccus
WP_176010043.1	2592382	cellular organisms; Bacteria; Bacillati; Bacillota; Bacilli; Caryophanales; Bacillaceae; Paenalkalicoccus
WP_176010049.1	2592382	cellular organisms; Bacteria; Bacillati; Bacillota; Bacilli; Caryophanales; Bacillaceae; Paenalkalicoccus
WP_176010036.1	2592382	cellular organisms; Bacteria; Bacillati; Bacillota; Bacilli; Caryophanales; Bacillaceae; Paenalkalicoccus
WP_176010044.1	2592382	cellular organisms; Bacteria; Bacillati; Bacillota; Bacilli; Caryophanales; Bacillaceae; Paenalkalicoccus
WP_176010050.1	2592382	cellular organisms; Bacteria; Bacillati; Bacillota; Bacilli; Caryophanales; Bacillaceae; Paenalkalicoccus
WP_176010048.1	2592382	cellular organisms; Bacteria; Bacillati; Bacillota; Bacilli; Caryophanales; Bacillaceae; Paenalkalicoccus
WP_176010038.1	2592382	cellular organisms; Bacteria; Bacillati; Bacillota; Bacilli; Caryophanales; Bacillaceae; Paenalkalicoccus
WP_176010042.1	2592382	cellular organisms; Bacteria; Bacillati; Bacillota; Bacilli; Caryophanales; Bacillaceae; Paenalkalicoccus
WP_176010047.1	2592382	cellular organisms; Bacteria; Bacillati; Bacillota; Bacilli; Caryophanales; Bacillaceae; Paenalkalicoccus
WP_176010040.1	2592382	cellular organisms; Bacteria; Bacillati; Bacillota; Bacilli; Caryophanales; Bacillaceae; Paenalkalicoccus
WP_412934197.1	217495	cellular organisms; Bacteria; Bacillati; Bacillota; Bacilli; Caryophanales; Bacillaceae; Lederbergia
WP_412934193.1	217495	cellular organisms; Bacteria; Bacillati; Bacillota; Bacilli; Caryophanales; Bacillaceae; Lederbergia
WP_158324014.1	217495	cellular organisms; Bacteria; Bacillati; Bacillota; Bacilli; Caryophanales; Bacillaceae; Lederbergia
WP_158324013.1	217495	cellular organisms; Bacteria; Bacillati; Bacillota; Bacilli; Caryophanales; Bacillaceae; Lederbergia
WP_412934199.1	217495	cellular organisms; Bacteria; Bacillati; Bacillota; Bacilli; Caryophanales; Bacillaceae; Lederbergia
WP_412934190.1	217495	cellular organisms; Bacteria; Bacillati; Bacillota; Bacilli; Caryophanales; Bacillaceae; Lederbergia
WP_158324018.1	217495	cellular organisms; Bacteria; Bacillati; Bacillota; Bacilli; Caryophanales; Bacillaceae; Lederbergia
WP_412934195.1	217495	cellular organisms; Bacteria; Bacillati; Bacillota; Bacilli; Caryophanales; Bacillaceae; Lederbergia
WP_412934201.1	217495	cellular organisms; Bacteria; Bacillati; Bacillota; Bacilli; Caryophanales; Bacillaceae; Lederbergia
WP_412934188.1	217495	cellular organisms; Bacteria; Bacillati; Bacillota; Bacilli; Caryophanales; Bacillaceae; Lederbergia
WP_158324011.1	217495	cellular organisms; Bacteria; Bacillati; Bacillota; Bacilli; Caryophanales; Bacillaceae; Lederbergia
WP_412934194.1	217495	cellular organisms; Bacteria; Bacillati; Bacillota; Bacilli; Caryophanales; Bacillaceae; Lederbergia
WP_412934192.1	217495	cellular organisms; Bacteria; Bacillati; Bacillota; Bacilli; Caryophanales; Bacillaceae; Lederbergia
WP_412934198.1	217495	cellular organisms; Bacteria; Bacillati; Bacillota; Bacilli; Caryophanales; Bacillaceae; Lederbergia
WP_412934196.1	217495	cellular organisms; Bacteria; Bacillati; Bacillota; Bacilli; Caryophanales; Bacillaceae; Lederbergia
WP_099221308.1	2026604	cellular organisms; Bacteria; Bacillati; Bacillota; Bacilli; Caryophanales; Listeriaceae; Listeria
WP_099221310.1	2026604	cellular organisms; Bacteria; Bacillati; Bacillota; Bacilli; Caryophanales; Listeriaceae; Listeria
WP_099221299.1	2026604	cellular organisms; Bacteria; Bacillati; Bacillota; Bacilli; Caryophanales; Listeriaceae; Listeria
WP_099221306.1	2026604	cellular organisms; Bacteria; Bacillati; Bacillota; Bacilli; Caryophanales; Listeriaceae; Listeria
WP_099221300.1	2026604	cellular organisms; Bacteria; Bacillati; Bacillota; Bacilli; Caryophanales; Listeriaceae; Listeria
WP_099221297.1	2026604	cellular organisms; Bacteria; Bacillati; Bacillota; Bacilli; Caryophanales; Listeriaceae; Listeria
WP_099221298.1	2026604	cellular organisms; Bacteria; Bacillati; Bacillota; Bacilli; Caryophanales; Listeriaceae; Listeria
WP_099221305.1	2026604	cellular organisms; Bacteria; Bacillati; Bacillota; Bacilli; Caryophanales; Listeriaceae; Listeria
WP_099221296.1	2026604	cellular organisms; Bacteria; Bacillati; Bacillota; Bacilli; Caryophanales; Listeriaceae; Listeria
WP_099221304.1	2026604	cellular organisms; Bacteria; Bacillati; Bacillota; Bacilli; Caryophanales; Listeriaceae; Listeria
WP_099221307.1	2026604	cellular organisms; Bacteria; Bacillati; Bacillota; Bacilli; Caryophanales; Listeriaceae; Listeria
WP_099221301.1	2026604	cellular organisms; Bacteria; Bacillati; Bacillota; Bacilli; Caryophanales; Listeriaceae; Listeria
WP_099221302.1	2026604	cellular organisms; Bacteria; Bacillati; Bacillota; Bacilli; Caryophanales; Listeriaceae; Listeria
WP_099221303.1	2026604	cellular organisms; Bacteria; Bacillati; Bacillota; Bacilli; Caryophanales; Listeriaceae; Listeria
WP_099221309.1	2026604	cellular organisms; Bacteria; Bacillati; Bacillota; Bacilli; Caryophanales; Listeriaceae; Listeria
TDM03548.1	198482	cellular organisms; Bacteria; Bacillati; Bacillota; Bacilli; Caryophanales; Staphylococcaceae; Macrococcus
TDM02685.1	198482	cellular organisms; Bacteria; Bacillati; Bacillota; Bacilli; Caryophanales; Staphylococcaceae; Macrococcus
TDM02687.1	198482	cellular organisms; Bacteria; Bacillati; Bacillota; Bacilli; Caryophanales; Staphylococcaceae; Macrococcus
TDM02689.1	198482	cellular organisms; Bacteria; Bacillati; Bacillota; Bacilli; Caryophanales; Staphylococcaceae; Macrococcus
TDM02686.1	198482	cellular organisms; Bacteria; Bacillati; Bacillota; Bacilli; Caryophanales; Staphylococcaceae; Macrococcus
TDM02688.1	198482	cellular organisms; Bacteria; Bacillati; Bacillota; Bacilli; Caryophanales; Staphylococcaceae; Macrococcus
QKS72056.1	2592382	cellular organisms; Bacteria; Bacillati; Bacillota; Bacilli; Caryophanales; Bacillaceae; Paenalkalicoccus
QKS72054.1	2592382	cellular organisms; Bacteria; Bacillati; Bacillota; Bacilli; Caryophanales; Bacillaceae; Paenalkalicoccus
QKS72063.1	2592382	cellular organisms; Bacteria; Bacillati; Bacillota; Bacilli; Caryophanales; Bacillaceae; Paenalkalicoccus
QKS72062.1	2592382	cellular organisms; Bacteria; Bacillati; Bacillota; Bacilli; Caryophanales; Bacillaceae; Paenalkalicoccus
QKS72058.1	2592382	cellular organisms; Bacteria; Bacillati; Bacillota; Bacilli; Caryophanales; Bacillaceae; Paenalkalicoccus
QKS72060.1	2592382	cellular organisms; Bacteria; Bacillati; Bacillota; Bacilli; Caryophanales; Bacillaceae; Paenalkalicoccus
QKS72065.1	2592382	cellular organisms; Bacteria; Bacillati; Bacillota; Bacilli; Caryophanales; Bacillaceae; Paenalkalicoccus
QKS72053.1	2592382	cellular organisms; Bacteria; Bacillati; Bacillota; Bacilli; Caryophanales; Bacillaceae; Paenalkalicoccus
QKS72061.1	2592382	cellular organisms; Bacteria; Bacillati; Bacillota; Bacilli; Caryophanales; Bacillaceae; Paenalkalicoccus
QKS72066.1	2592382	cellular organisms; Bacteria; Bacillati; Bacillota; Bacilli; Caryophanales; Bacillaceae; Paenalkalicoccus
QKS73292.1	2592382	cellular organisms; Bacteria; Bacillati; Bacillota; Bacilli; Caryophanales; Bacillaceae; Paenalkalicoccus
QKS72055.1	2592382	cellular organisms; Bacteria; Bacillati; Bacillota; Bacilli; Caryophanales; Bacillaceae; Paenalkalicoccus
QKS72059.1	2592382	cellular organisms; Bacteria; Bacillati; Bacillota; Bacilli; Caryophanales; Bacillaceae; Paenalkalicoccus
QKS72064.1	2592382	cellular organisms; Bacteria; Bacillati; Bacillota; Bacilli; Caryophanales; Bacillaceae; Paenalkalicoccus
QKS72057.1	2592382	cellular organisms; Bacteria; Bacillati; Bacillota; Bacilli; Caryophanales; Bacillaceae; Paenalkalicoccus
MBC8501268.1	2599936	cellular organisms; Archaea; Nanobdellati; unclassified Nanobdellati
MBC8501274.1	2599936	cellular organisms; Archaea; Nanobdellati; unclassified Nanobdellati
MBC8501278.1	2599936	cellular organisms; Archaea; Nanobdellati; unclassified Nanobdellati
MBC8501280.1	2599936	cellular organisms; Archaea; Nanobdellati; unclassified Nanobdellati
MBC8501275.1	2599936	cellular organisms; Archaea; Nanobdellati; unclassified Nanobdellati
MBC8501266.1	2599936	cellular organisms; Archaea; Nanobdellati; unclassified Nanobdellati
MBC8501267.1	2599936	cellular organisms; Archaea; Nanobdellati; unclassified Nanobdellati
MBC8501277.1	2599936	cellular organisms; Archaea; Nanobdellati; unclassified Nanobdellati
MBC8501269.1	2599936	cellular organisms; Archaea; Nanobdellati; unclassified Nanobdellati
MBC8501271.1	2599936	cellular organisms; Archaea; Nanobdellati; unclassified Nanobdellati
MBC8501279.1	2599936	cellular organisms; Archaea; Nanobdellati; unclassified Nanobdellati
MBC8501270.1	2599936	cellular organisms; Archaea; Nanobdellati; unclassified Nanobdellati
MBC8501276.1	2599936	cellular organisms; Archaea; Nanobdellati; unclassified Nanobdellati
MBC8501273.1	2599936	cellular organisms; Archaea; Nanobdellati; unclassified Nanobdellati
MBC8501272.1	2599936	cellular organisms; Archaea; Nanobdellati; unclassified Nanobdellati
GGB03043.1	198482	cellular organisms; Bacteria; Bacillati; Bacillota; Bacilli; Caryophanales; Staphylococcaceae; Macrococcus
GGB03057.1	198482	cellular organisms; Bacteria; Bacillati; Bacillota; Bacilli; Caryophanales; Staphylococcaceae; Macrococcus
GGB03068.1	198482	cellular organisms; Bacteria; Bacillati; Bacillota; Bacilli; Caryophanales; Staphylococcaceae; Macrococcus
GGB03049.1	198482	cellular organisms; Bacteria; Bacillati; Bacillota; Bacilli; Caryophanales; Staphylococcaceae; Macrococcus
GGB03063.1	198482	cellular organisms; Bacteria; Bacillati; Bacillota; Bacilli; Caryophanales; Staphylococcaceae; Macrococcus
MBI5391624.1	2026803	cellular organisms; Archaea; Nanobdellati; Candidatus Woesearchaeota; unclassified Candidatus Woesearchaeota
MBI5391620.1	2026803	cellular organisms; Archaea; Nanobdellati; Candidatus Woesearchaeota; unclassified Candidatus Woesearchaeota
MBI5391622.1	2026803	cellular organisms; Archaea; Nanobdellati; Candidatus Woesearchaeota; unclassified Candidatus Woesearchaeota
MBI5391619.1	2026803	cellular organisms; Archaea; Nanobdellati; Candidatus Woesearchaeota; unclassified Candidatus Woesearchaeota
MBI5391621.1	2026803	cellular organisms; Archaea; Nanobdellati; Candidatus Woesearchaeota; unclassified Candidatus Woesearchaeota
MBI5391623.1	2026803	cellular organisms; Archaea; Nanobdellati; Candidatus Woesearchaeota; unclassified Candidatus Woesearchaeota
MBR9675390.1	2026803	cellular organisms; Archaea; Nanobdellati; Candidatus Woesearchaeota; unclassified Candidatus Woesearchaeota
MBR9675391.1	2026803	cellular organisms; Archaea; Nanobdellati; Candidatus Woesearchaeota; unclassified Candidatus Woesearchaeota
MBR9675401.1	2026803	cellular organisms; Archaea; Nanobdellati; Candidatus Woesearchaeota; unclassified Candidatus Woesearchaeota
MBR9675400.1	2026803	cellular organisms; Archaea; Nanobdellati; Candidatus Woesearchaeota; unclassified Candidatus Woesearchaeota
MBR9675389.1	2026803	cellular organisms; Archaea; Nanobdellati; Candidatus Woesearchaeota; unclassified Candidatus Woesearchaeota
MBR9675403.1	2026803	cellular organisms; Archaea; Nanobdellati; Candidatus Woesearchaeota; unclassified Candidatus Woesearchaeota
MBR9675397.1	2026803	cellular organisms; Archaea; Nanobdellati; Candidatus Woesearchaeota; unclassified Candidatus Woesearchaeota
MBR9675394.1	2026803	cellular organisms; Archaea; Nanobdellati; Candidatus Woesearchaeota; unclassified Candidatus Woesearchaeota
MBR9675392.1	2026803	cellular organisms; Archaea; Nanobdellati; Candidatus Woesearchaeota; unclassified Candidatus Woesearchaeota
MBR9675393.1	2026803	cellular organisms; Archaea; Nanobdellati; Candidatus Woesearchaeota; unclassified Candidatus Woesearchaeota
MBR9675395.1	2026803	cellular organisms; Archaea; Nanobdellati; Candidatus Woesearchaeota; unclassified Candidatus Woesearchaeota
MBR9675396.1	2026803	cellular organisms; Archaea; Nanobdellati; Candidatus Woesearchaeota; unclassified Candidatus Woesearchaeota
MBR9675398.1	2026803	cellular organisms; Archaea; Nanobdellati; Candidatus Woesearchaeota; unclassified Candidatus Woesearchaeota
MBR9675402.1	2026803	cellular organisms; Archaea; Nanobdellati; Candidatus Woesearchaeota; unclassified Candidatus Woesearchaeota
MBR9675399.1	2026803	cellular organisms; Archaea; Nanobdellati; Candidatus Woesearchaeota; unclassified Candidatus Woesearchaeota
MBS3098534.1	2026803	cellular organisms; Archaea; Nanobdellati; Candidatus Woesearchaeota; unclassified Candidatus Woesearchaeota
MBS3098530.1	2026803	cellular organisms; Archaea; Nanobdellati; Candidatus Woesearchaeota; unclassified Candidatus Woesearchaeota
MBS3098527.1	2026803	cellular organisms; Archaea; Nanobdellati; Candidatus Woesearchaeota; unclassified Candidatus Woesearchaeota
MBS3098525.1	2026803	cellular organisms; Archaea; Nanobdellati; Candidatus Woesearchaeota; unclassified Candidatus Woesearchaeota
MBS3098533.1	2026803	cellular organisms; Archaea; Nanobdellati; Candidatus Woesearchaeota; unclassified Candidatus Woesearchaeota
MBS3098528.1	2026803	cellular organisms; Archaea; Nanobdellati; Candidatus Woesearchaeota; unclassified Candidatus Woesearchaeota
MBS3098526.1	2026803	cellular organisms; Archaea; Nanobdellati; Candidatus Woesearchaeota; unclassified Candidatus Woesearchaeota
MBS3098535.1	2026803	cellular organisms; Archaea; Nanobdellati; Candidatus Woesearchaeota; unclassified Candidatus Woesearchaeota
MBS3098536.1	2026803	cellular organisms; Archaea; Nanobdellati; Candidatus Woesearchaeota; unclassified Candidatus Woesearchaeota
MBS3098532.1	2026803	cellular organisms; Archaea; Nanobdellati; Candidatus Woesearchaeota; unclassified Candidatus Woesearchaeota
MBS3098531.1	2026803	cellular organisms; Archaea; Nanobdellati; Candidatus Woesearchaeota; unclassified Candidatus Woesearchaeota
MBS3098529.1	2026803	cellular organisms; Archaea; Nanobdellati; Candidatus Woesearchaeota; unclassified Candidatus Woesearchaeota
GIN57737.1	217495	cellular organisms; Bacteria; Bacillati; Bacillota; Bacilli; Caryophanales; Bacillaceae; Lederbergia
GIN57738.1	217495	cellular organisms; Bacteria; Bacillati; Bacillota; Bacilli; Caryophanales; Bacillaceae; Lederbergia
MFS0615506.1	217495	cellular organisms; Bacteria; Bacillati; Bacillota; Bacilli; Caryophanales; Bacillaceae; Lederbergia
MFS0615502.1	217495	cellular organisms; Bacteria; Bacillati; Bacillota; Bacilli; Caryophanales; Bacillaceae; Lederbergia
MFS0615498.1	217495	cellular organisms; Bacteria; Bacillati; Bacillota; Bacilli; Caryophanales; Bacillaceae; Lederbergia
MFS0615499.1	217495	cellular organisms; Bacteria; Bacillati; Bacillota; Bacilli; Caryophanales; Bacillaceae; Lederbergia
MFS0615508.1	217495	cellular organisms; Bacteria; Bacillati; Bacillota; Bacilli; Caryophanales; Bacillaceae; Lederbergia
MFS0615497.1	217495	cellular organisms; Bacteria; Bacillati; Bacillota; Bacilli; Caryophanales; Bacillaceae; Lederbergia
MFS0615494.1	217495	cellular organisms; Bacteria; Bacillati; Bacillota; Bacilli; Caryophanales; Bacillaceae; Lederbergia
MFS0615504.1	217495	cellular organisms; Bacteria; Bacillati; Bacillota; Bacilli; Caryophanales; Bacillaceae; Lederbergia
MFS0615496.1	217495	cellular organisms; Bacteria; Bacillati; Bacillota; Bacilli; Caryophanales; Bacillaceae; Lederbergia
MFS0615495.1	217495	cellular organisms; Bacteria; Bacillati; Bacillota; Bacilli; Caryophanales; Bacillaceae; Lederbergia
MFS0615501.1	217495	cellular organisms; Bacteria; Bacillati; Bacillota; Bacilli; Caryophanales; Bacillaceae; Lederbergia
MFS0615503.1	217495	cellular organisms; Bacteria; Bacillati; Bacillota; Bacilli; Caryophanales; Bacillaceae; Lederbergia
MFS0615500.1	217495	cellular organisms; Bacteria; Bacillati; Bacillota; Bacilli; Caryophanales; Bacillaceae; Lederbergia
MFS0615507.1	217495	cellular organisms; Bacteria; Bacillati; Bacillota; Bacilli; Caryophanales; Bacillaceae; Lederbergia
MFS0615505.1	217495	cellular organisms; Bacteria; Bacillati; Bacillota; Bacilli; Caryophanales; Bacillaceae; Lederbergia
