pid	domain	start	end	plen
WP_002659227.1	RDD-Arc2	2	148	241
WP_002659227.1	HTH-like	152	241	241
WP_002691980.1	RDD-Arc2	7	153	230
WP_002691980.1	HTH-like	170	230	230
WP_002991842.1	RDD-Arc2	2	154	247
WP_002991842.1	HTH-like	155	244	247
WP_003386090.1	RDD-Arc2	12	167	274
WP_003386090.1	HTH-like	176	273	274
WP_004011125.1	RDD-Arc2	14	169	285
WP_004011125.1	HTH-like	181	262	285
WP_004012163.1	RDD-Arc2	14	167	283
WP_004012163.1	HTH-like	181	260	283
WP_005269073.1	RDD-Arc2	3	150	267
WP_005269073.1	HTH-like	164	246	267
WP_006205900.1	RDD-Arc2	13	184	286
WP_006205900.1	HTH-like	208	286	286
WP_006259426.1	RDD-Arc2	2	153	245
WP_006259426.1	HTH-like	155	243	245
WP_006528775.1	RDD-Arc2	5	157	254
WP_006528775.1	HTH-like	174	251	254
WP_006547096.1	RDD-Arc2	11	157	267
WP_006547096.1	HTH-like	170	253	267
WP_006800386.1	RDD-Arc2	3	154	249
WP_006800386.1	HTH-like	162	245	249
WP_006842838.1	RDD-Arc2	3	154	249
WP_006842838.1	HTH-like	162	245	249
WP_006949252.1	RDD-Arc2	5	148	241
WP_006949252.1	HTH-like	153	238	241
WP_006952863.1	RDD-Arc2	2	145	239
WP_006952863.1	HTH-like	150	235	239
WP_006979986.1	RDD-Arc2	1	151	266
WP_006979986.1	HTH-like	157	250	266
WP_006990246.1	RDD-Arc2	3	148	237
WP_006990246.1	HTH-like	149	236	237
WP_007019970.1	RDD-Arc2	6	152	233
WP_007019970.1	HTH-like	170	230	233
WP_007280356.1	RDD-Arc2	11	151	234
WP_007280356.1	HTH-like	169	229	234
WP_007470683.1	RDD-Arc2	3	155	273
WP_007470683.1	HTH-like	167	249	273
WP_007518818.1	RDD-Arc2	3	151	301
WP_007518818.1	HTH-like	164	238	301
WP_007575357.1	RDD-Arc2	2	145	235
WP_007575357.1	HTH-like	159	233	235
WP_007644828.1	RDD-Arc2	9	155	231
WP_007644828.1	HTH-like	172	230	231
WP_007710814.1	RDD-Arc2	14	188	291
WP_007710814.1	HTH-like	211	289	291
WP_007875076.1	RDD-Arc2	6	151	238
WP_007875076.1	HTH-like	169	232	238
WP_008239898.1	RDD-Arc2	2	152	247
WP_008239898.1	HTH-like	153	243	247
WP_008515900.1	RDD-Arc2	1	150	242
WP_008515900.1	HTH-like	161	242	242
WP_008612969.1	RDD-Arc2	2	155	247
WP_008612969.1	HTH-like	157	245	247
WP_008631234.1	RDD-Arc2	4	148	242
WP_008631234.1	HTH-like	157	236	242
WP_008635598.1	RDD-Arc2	2	151	241
WP_008635598.1	HTH-like	153	239	241
WP_008737999.1	RDD-Arc2	2	148	224
WP_008737999.1	HTH-like	165	223	224
WP_008842602.1	RDD-Arc2	1	148	226
WP_008842602.1	HTH-like	167	226	226
WP_008995232.1	RDD-Arc2	17	203	325
WP_008995232.1	HTH-like	245	323	325
WP_009137731.1	RDD-Arc2	1	150	239
WP_009137731.1	HTH-like	151	238	239
WP_009195765.1	RDD-Arc2	2	144	237
WP_009195765.1	HTH-like	148	234	237
WP_009577462.1	RDD-Arc2	2	147	241
WP_009577462.1	HTH-like	154	241	241
WP_009633266.1	RDD-Arc2	1	163	259
WP_009633266.1	HTH-like	189	259	259
WP_009746622.1	RDD-Arc2	2	153	247
WP_009746622.1	HTH-like	155	246	247
WP_009777916.1	RDD-Arc2	14	160	273
WP_009777916.1	HTH-like	173	247	273
WP_009814501.1	RDD-Arc2	58	218	347
WP_009814501.1	HTH-like	246	330	347
WP_010147850.1	RDD-Arc2	11	157	277
WP_010147850.1	HTH-like	170	253	277
WP_010177786.1	RDD-Arc2	2	159	252
WP_010177786.1	HTH-like	161	249	252
WP_010249904.1	RDD-Arc2	1	158	251
WP_010249904.1	HTH-like	177	249	251
WP_010417327.1	RDD-Arc2	2	145	241
WP_010417327.1	HTH-like	148	238	241
WP_010535093.1	RDD-Arc2	11	158	275
WP_010535093.1	HTH-like	171	245	275
WP_010584409.1	RDD-Arc2	12	156	277
WP_010584409.1	HTH-like	178	247	277
WP_010602438.1	RDD-Arc2	3	152	247
WP_010602438.1	HTH-like	153	243	247
WP_010915536.1	RDD-Arc2	14	185	287
WP_010915536.1	HTH-like	209	287	287
WP_010995974.1	RDD-Arc2	1	162	261
WP_010995974.1	HTH-like	183	255	261
WP_011292926.1	RDD-Arc2	10	159	264
WP_011292926.1	HTH-like	172	245	264
WP_011394251.1	RDD-Arc2	2	147	251
WP_011394251.1	HTH-like	164	225	251
WP_011414983.1	RDD-Arc2	12	191	299
WP_011414983.1	HTH-like	221	297	299
WP_011435208.1	RDD-Arc2	24	171	340
WP_011435208.1	HTH-like	184	267	340
WP_011466897.1	RDD-Arc2	4	149	231
WP_011466897.1	HTH-like	166	223	231
WP_011602484.1	RDD-Arc2	47	194	354
WP_011602484.1	HTH-like	207	290	354
WP_011644605.1	RDD-Arc2	21	185	306
WP_011644605.1	HTH-like	209	299	306
WP_011782584.1	RDD-Arc2	2	153	293
WP_011782584.1	HTH-like	165	248	293
WP_011927129.1	RDD-Arc2	17	192	301
WP_011927129.1	HTH-like	212	295	301
WP_012162009.1	TM	24	41	596
WP_012162009.1	TM	53	76	596
WP_012162009.1	TM	82	102	596
WP_012162009.1	TM	148	172	596
WP_012162009.1	TM	192	217	596
WP_012162009.1	TMMD	219	320	596
WP_012162009.1	RDD-Arc2	330	493	596
WP_012162009.1	HTH-like	516	592	596
WP_012246375.1	RDD-Arc2	1	149	229
WP_012246375.1	HTH-like	163	229	229
WP_012256259.1	RDD-Arc2	13	160	267
WP_012256259.1	HTH-like	210	256	267
WP_012828231.1	RDD-Arc2	19	188	304
WP_012828231.1	HTH-like	217	304	304
WP_012836409.1	RDD-Arc2	30	178	285
WP_012836409.1	HTH-like	191	269	285
WP_012879279.1	RDD-Arc2	5	150	272
WP_012879279.1	HTH-like	163	245	272
WP_012919260.1	RDD-Arc2	3	152	418
WP_012919260.1	HTH-like	165	237	418
WP_013042965.1	RDD-Arc2	5	154	255
WP_013042965.1	HTH-like	160	251	255
WP_013138910.1	RDD-Arc2	3	155	274
WP_013138910.1	HTH-like	167	249	274
WP_013686249.1	RDD-Arc2	2	156	250
WP_013686249.1	HTH-like	160	250	250
WP_013830895.1	RDD-Arc2	3	153	273
WP_013830895.1	HTH-like	168	248	273
WP_013847817.1	RDD-Arc2	13	188	295
WP_013847817.1	HTH-like	211	289	295
WP_013872575.1	RDD-Arc2	3	151	348
WP_013872575.1	HTH-like	164	244	348
WP_013896058.1	RDD-Arc2	14	185	287
WP_013896058.1	HTH-like	209	287	287
WP_013902555.1	RDD-Arc2	1	149	235
WP_013902555.1	HTH-like	166	231	235
WP_014084201.1	RDD-Arc2	2	155	247
WP_014084201.1	HTH-like	157	245	247
WP_014200845.1	RDD-Arc2	4	143	235
WP_014200845.1	HTH-like	146	235	235
WP_014254738.1	RDD-Arc2	1	158	251
WP_014254738.1	HTH-like	176	249	251
WP_014264926.1	RDD-Arc2	7	171	280
WP_014264926.1	HTH-like	212	274	280
WP_014784899.1	RDD-Arc2	18	179	288
WP_014784899.1	HTH-like	220	288	288
WP_014790559.1	RDD-Arc2	4	153	247
WP_014790559.1	HTH-like	155	242	247
WP_014796381.1	RDD-Arc2	2	153	252
WP_014796381.1	HTH-like	157	252	252
WP_014812727.1	RDD-Arc2	1	170	265
WP_014812727.1	HTH-like	197	264	265
WP_014904144.1	RDD-Arc2	4	162	266
WP_014904144.1	HTH-like	170	266	266
WP_015125796.1	TM	32	65	583
WP_015125796.1	TM	77	99	583
WP_015125796.1	TM	133	162	583
WP_015125796.1	TM	182	206	583
WP_015125796.1	TMMD	197	306	583
WP_015125796.1	RDD-Arc2	313	479	583
WP_015125796.1	HTH-like	496	581	583
WP_015136946.1	RDD-Arc2	1	162	265
WP_015136946.1	HTH-like	183	259	265
WP_015150261.1	RDD-Arc2	5	164	263
WP_015150261.1	HTH-like	186	262	263
WP_015168873.1	RDD-Arc2	1	158	255
WP_015168873.1	HTH-like	179	254	255
WP_015182453.1	RDD-Arc2	1	164	263
WP_015182453.1	HTH-like	191	260	263
WP_015209310.1	RDD-Arc2	1	162	259
WP_015209310.1	HTH-like	189	259	259
WP_015440815.1	RDD-Arc2	1	154	259
WP_015440815.1	HTH-like	169	247	259
WP_015710485.1	RDD-Arc2	10	156	249
WP_015710485.1	HTH-like	187	247	249
WP_015772107.1	RDD-Arc2	5	151	268
WP_015772107.1	HTH-like	164	243	268
WP_015818726.1	RDD-Arc2	12	152	232
WP_015818726.1	HTH-like	171	231	232
WP_015942263.1	RDD-Arc2	11	158	265
WP_015942263.1	HTH-like	191	253	265
WP_016170192.1	RDD-Arc2	2	155	248
WP_016170192.1	HTH-like	156	245	248
WP_016189170.1	RDD-Arc2	10	159	264
WP_016189170.1	HTH-like	172	245	264
WP_016194673.1	RDD-Arc2	3	160	253
WP_016194673.1	HTH-like	166	250	253
WP_016444529.1	RDD-Arc2	3	153	272
WP_016444529.1	HTH-like	178	259	272
WP_017354377.1	RDD-Arc2	6	151	229
WP_017354377.1	HTH-like	176	229	229
WP_017446957.1	RDD-Arc2	14	159	235
WP_017446957.1	HTH-like	178	235	235
WP_017559249.1	RDD-Arc2	14	160	269
WP_017559249.1	HTH-like	173	246	269
WP_017595104.1	RDD-Arc2	8	160	272
WP_017595104.1	HTH-like	173	246	272
WP_017618752.1	RDD-Arc2	22	170	276
WP_017618752.1	HTH-like	183	256	276
WP_017713687.1	RDD-Arc2	5	164	275
WP_017713687.1	HTH-like	188	262	275
WP_017714983.1	RDD-Arc2	1	163	262
WP_017714983.1	HTH-like	183	261	262
WP_017733215.1	RDD-Arc2	2	144	236
WP_017733215.1	HTH-like	162	234	236
WP_018126928.1	RDD-Arc2	2	151	246
WP_018126928.1	HTH-like	154	239	246
WP_018134912.1	RDD-Arc2	3	149	265
WP_018134912.1	HTH-like	162	245	265
WP_018146534.1	RDD-Arc2	40	210	316
WP_018146534.1	HTH-like	235	314	316
WP_018179755.1	RDD-Arc2	3	153	255
WP_018179755.1	HTH-like	167	248	255
WP_018348052.1	RDD-Arc2	1	154	290
WP_018348052.1	HTH-like	167	242	290
WP_018354212.1	RDD-Arc2	8	153	317
WP_018354212.1	HTH-like	165	248	317
WP_018386382.1	RDD-Arc2	3	149	400
WP_018386382.1	HTH-like	164	244	400
WP_018603515.1	RDD-Arc2	12	157	282
WP_018603515.1	HTH-like	169	252	282
WP_018618138.1	RDD-Arc2	1	146	231
WP_018618138.1	HTH-like	147	230	231
WP_018674617.1	RDD-Arc2	4	152	244
WP_018674617.1	HTH-like	153	241	244
WP_018694058.1	RDD-Arc2	4	150	228
WP_018694058.1	HTH-like	169	228	228
WP_018706628.1	RDD-Arc2	3	162	268
WP_018706628.1	HTH-like	171	267	268
WP_018746625.1	RDD-Arc2	5	149	229
WP_018746625.1	HTH-like	166	226	229
WP_018970013.1	RDD-Arc2	14	170	250
WP_018970013.1	HTH-like	189	246	250
WP_019044294.1	RDD-Arc2	3	154	248
WP_019044294.1	HTH-like	167	244	248
WP_019149066.1	RDD-Arc2	4	148	270
WP_019149066.1	HTH-like	161	242	270
WP_019356873.1	RDD-Arc2	3	149	315
WP_019356873.1	HTH-like	163	234	315
WP_019387027.1	RDD-Arc2	2	146	239
WP_019387027.1	HTH-like	148	237	239
WP_019510730.1	RDD-Arc2	8	153	283
WP_019510730.1	HTH-like	168	248	283
WP_019538753.1	RDD-Arc2	2	154	249
WP_019538753.1	HTH-like	155	244	249
WP_019657554.1	RDD-Arc2	1	148	246
WP_019657554.1	HTH-like	166	226	246
WP_019831713.1	RDD-Arc2	7	187	290
WP_019831713.1	HTH-like	207	288	290
WP_019878247.1	RDD-Arc2	25	173	361
WP_019878247.1	HTH-like	186	269	361
WP_019989248.1	RDD-Arc2	3	146	234
WP_019989248.1	HTH-like	147	230	234
WP_020212681.1	RDD-Arc2	3	156	247
WP_020212681.1	HTH-like	157	245	247
WP_020393869.1	RDD-Arc2	1	149	225
WP_020393869.1	HTH-like	167	225	225
WP_020405342.1	RDD-Arc2	2	147	257
WP_020405342.1	HTH-like	165	238	257
WP_020507084.1	RDD-Arc2	24	161	255
WP_020507084.1	HTH-like	186	255	255
WP_020520118.1	RDD-Arc2	4	165	303
WP_020520118.1	HTH-like	179	261	303
WP_020580421.1	RDD-Arc2	3	151	354
WP_020580421.1	HTH-like	164	247	354
WP_020593851.1	RDD-Arc2	40	212	346
WP_020593851.1	HTH-like	247	345	346
WP_020606287.1	RDD-Arc2	1	146	231
WP_020606287.1	HTH-like	147	230	231
WP_021755718.1	RDD-Arc2	21	156	293
WP_021755718.1	HTH-like	180	254	293
WP_022606932.1	TM	57	75	587
WP_022606932.1	TM	81	97	587
WP_022606932.1	TM	117	140	587
WP_022606932.1	TM	160	181	587
WP_022606932.1	TMMD	180	307	587
WP_022606932.1	RDD-Arc2	320	480	587
WP_022606932.1	HTH-like	501	572	587
WP_022910115.1	RDD-Arc2	12	158	269
WP_022910115.1	HTH-like	171	244	269
WP_022924968.1	RDD-Arc2	11	157	268
WP_022924968.1	HTH-like	172	244	268
WP_022969450.1	RDD-Arc2	13	154	232
WP_022969450.1	HTH-like	179	232	232
WP_023174707.1	RDD-Arc2	5	153	292
WP_023174707.1	HTH-like	173	271	292
WP_023459587.1	RDD-Arc2	27	206	314
WP_023459587.1	HTH-like	230	311	314
WP_023462649.1	RDD-Arc2	22	199	307
WP_023462649.1	HTH-like	222	306	307
WP_023672890.1	RDD-Arc2	15	186	288
WP_023672890.1	HTH-like	210	288	288
WP_023689650.1	RDD-Arc2	15	186	286
WP_023689650.1	HTH-like	208	286	286
WP_023694396.1	RDD-Arc2	15	186	288
WP_023694396.1	HTH-like	210	287	288
WP_023698034.1	RDD-Arc2	15	186	288
WP_023698034.1	HTH-like	210	288	288
WP_023702291.1	RDD-Arc2	15	186	288
WP_023702291.1	HTH-like	210	288	288
WP_023705784.1	RDD-Arc2	15	186	288
WP_023705784.1	HTH-like	210	288	288
WP_023715248.1	RDD-Arc2	15	186	288
WP_023715248.1	HTH-like	210	288	288
WP_023717217.1	RDD-Arc2	9	186	288
WP_023717217.1	HTH-like	210	288	288
WP_023730515.1	RDD-Arc2	15	186	286
WP_023730515.1	HTH-like	208	286	286
WP_023734202.1	RDD-Arc2	15	186	288
WP_023734202.1	HTH-like	210	288	288
WP_023739274.1	RDD-Arc2	15	186	288
WP_023739274.1	HTH-like	210	288	288
WP_023742734.1	RDD-Arc2	15	186	288
WP_023742734.1	HTH-like	210	288	288
WP_023743647.1	RDD-Arc2	15	186	288
WP_023743647.1	HTH-like	210	288	288
WP_023747708.1	RDD-Arc2	15	186	288
WP_023747708.1	HTH-like	210	288	288
WP_023750473.1	RDD-Arc2	15	186	288
WP_023750473.1	HTH-like	210	288	288
WP_023753710.1	RDD-Arc2	15	186	288
WP_023753710.1	HTH-like	210	288	288
WP_023766562.1	RDD-Arc2	14	185	287
WP_023766562.1	HTH-like	209	287	287
WP_023780533.1	RDD-Arc2	14	185	287
WP_023780533.1	HTH-like	209	287	287
WP_023803196.1	RDD-Arc2	14	186	288
WP_023803196.1	HTH-like	210	288	288
WP_023805067.1	RDD-Arc2	15	186	288
WP_023805067.1	HTH-like	210	288	288
WP_023816256.1	RDD-Arc2	15	186	288
WP_023816256.1	HTH-like	210	288	288
WP_023824559.1	RDD-Arc2	15	186	288
WP_023824559.1	HTH-like	210	288	288
WP_023831559.1	RDD-Arc2	15	186	288
WP_023831559.1	HTH-like	210	288	288
WP_023834276.1	RDD-Arc2	15	186	286
WP_023834276.1	HTH-like	208	286	286
WP_024287672.1	RDD-Arc2	1	150	272
WP_024287672.1	HTH-like	163	246	272
WP_024610174.1	RDD-Arc2	6	151	242
WP_024610174.1	HTH-like	169	228	242
WP_024688710.1	RDD-Arc2	10	163	241
WP_024688710.1	HTH-like	183	239	241
WP_025103037.1	RDD-Arc2	1	155	269
WP_025103037.1	HTH-like	171	242	269
WP_025292121.1	RDD-Arc2	15	186	287
WP_025292121.1	HTH-like	210	287	287
WP_025346419.1	RDD-Arc2	3	154	271
WP_025346419.1	HTH-like	167	241	271
WP_025411468.1	RDD-Arc2	15	173	614
WP_025411468.1	HTH-like	195	268	614
WP_025411468.1	3HBundle	290	372	614
WP_025411468.1	SpoIIM	367	609	614
WP_026016789.1	RDD-Arc2	1	146	225
WP_026016789.1	HTH-like	163	223	225
WP_026450166.1	RDD-Arc2	2	151	241
WP_026450166.1	HTH-like	152	239	241
WP_026544235.1	RDD-Arc2	3	147	267
WP_026544235.1	HTH-like	163	246	267
WP_026550090.1	RDD-Arc2	3	150	268
WP_026550090.1	HTH-like	163	235	268
WP_026551459.1	RDD-Arc2	3	147	267
WP_026551459.1	HTH-like	163	246	267
WP_026553824.1	RDD-Arc2	4	149	269
WP_026553824.1	HTH-like	163	245	269
WP_026636879.1	RDD-Arc2	7	148	226
WP_026636879.1	HTH-like	165	226	226
WP_026705250.1	RDD-Arc2	2	155	246
WP_026705250.1	HTH-like	156	244	246
WP_026717065.1	RDD-Arc2	2	155	246
WP_026717065.1	HTH-like	156	244	246
WP_026729012.1	RDD-Arc2	2	157	249
WP_026729012.1	HTH-like	159	247	249
WP_026809666.1	RDD-Arc2	2	151	241
WP_026809666.1	HTH-like	152	239	241
WP_026876290.1	RDD-Arc2	3	150	288
WP_026876290.1	HTH-like	163	245	288
WP_026942222.1	RDD-Arc2	12	181	285
WP_026942222.1	HTH-like	205	285	285
WP_026992945.1	RDD-Arc2	2	156	247
WP_026992945.1	HTH-like	157	245	247
WP_027001456.1	RDD-Arc2	2	149	244
WP_027001456.1	HTH-like	165	244	244
WP_027034720.1	RDD-Arc2	14	185	287
WP_027034720.1	HTH-like	209	287	287
WP_027051420.1	RDD-Arc2	14	185	287
WP_027051420.1	HTH-like	209	287	287
WP_027075370.1	RDD-Arc2	2	148	238
WP_027075370.1	HTH-like	149	236	238
WP_027153915.1	RDD-Arc2	14	186	288
WP_027153915.1	HTH-like	210	288	288
WP_027168021.1	RDD-Arc2	20	191	293
WP_027168021.1	HTH-like	215	293	293
WP_027376569.1	RDD-Arc2	4	156	250
WP_027376569.1	HTH-like	157	246	250
WP_027380342.1	RDD-Arc2	2	155	249
WP_027380342.1	HTH-like	156	245	249
WP_027420263.1	RDD-Arc2	2	152	246
WP_027420263.1	HTH-like	159	246	246
WP_027479131.1	RDD-Arc2	12	155	276
WP_027479131.1	HTH-like	171	252	276
WP_027490282.1	RDD-Arc2	2	148	226
WP_027490282.1	HTH-like	165	225	226
WP_027691721.1	RDD-Arc2	1	155	282
WP_027691721.1	HTH-like	171	247	282
WP_027846194.1	RDD-Arc2	1	162	263
WP_027846194.1	HTH-like	182	258	263
WP_027883648.1	RDD-Arc2	3	148	237
WP_027883648.1	HTH-like	149	236	237
WP_027942246.1	RDD-Arc2	1	154	281
WP_027942246.1	HTH-like	168	250	281
WP_028280204.1	RDD-Arc2	3	147	267
WP_028280204.1	HTH-like	163	246	267
WP_028295262.1	RDD-Arc2	2	150	244
WP_028295262.1	HTH-like	151	242	244
WP_028314919.1	RDD-Arc2	6	155	253
WP_028314919.1	HTH-like	161	253	253
WP_028459365.1	RDD-Arc2	3	157	264
WP_028459365.1	HTH-like	190	252	264
WP_028489892.1	RDD-Arc2	1	149	229
WP_028489892.1	HTH-like	167	226	229
WP_028636417.1	RDD-Arc2	10	159	269
WP_028636417.1	HTH-like	172	255	269
WP_028648436.1	RDD-Arc2	12	163	267
WP_028648436.1	HTH-like	176	258	267
WP_028663544.1	RDD-Arc2	1	148	236
WP_028663544.1	HTH-like	149	232	236
WP_028707378.1	RDD-Arc2	3	149	262
WP_028707378.1	HTH-like	162	244	262
WP_028969274.1	RDD-Arc2	10	191	289
WP_028969274.1	HTH-like	213	289	289
WP_028980798.1	RDD-Arc2	2	144	234
WP_028980798.1	HTH-like	146	232	234
WP_029036602.1	RDD-Arc2	3	148	237
WP_029036602.1	HTH-like	149	236	237
WP_029068425.1	RDD-Arc2	5	151	267
WP_029068425.1	HTH-like	164	247	267
WP_029288037.1	RDD-Arc2	6	152	274
WP_029288037.1	HTH-like	165	246	274
WP_029297677.1	RDD-Arc2	2	155	249
WP_029297677.1	HTH-like	156	245	249
WP_029624617.1	RDD-Arc2	6	184	287
WP_029624617.1	HTH-like	209	287	287
WP_029904407.1	RDD-Arc2	3	154	249
WP_029904407.1	HTH-like	171	245	249
WP_031077048.1	RDD-Arc2	3	149	335
WP_031077048.1	HTH-like	181	252	335
WP_031428352.1	RDD-Arc2	3	150	239
WP_031428352.1	HTH-like	151	238	239
WP_031441490.1	RDD-Arc2	11	185	288
WP_031441490.1	HTH-like	207	284	288
WP_031509771.1	RDD-Arc2	3	149	324
WP_031509771.1	HTH-like	168	246	324
WP_033102045.1	RDD-Arc2	1	157	265
WP_033102045.1	HTH-like	186	247	265
WP_033420236.1	RDD-Arc2	4	152	272
WP_033420236.1	HTH-like	165	248	272
WP_033921363.1	RDD-Arc2	12	186	288
WP_033921363.1	HTH-like	209	287	288
WP_034065169.1	RDD-Arc2	2	90	172
WP_034065169.1	HTH-like	108	168	172
WP_034083432.1	RDD-Arc2	5	132	214
WP_034083432.1	HTH-like	150	210	214
WP_034327922.1	RDD-Arc2	2	153	230
WP_034327922.1	HTH-like	166	230	230
WP_034476985.1	RDD-Arc2	15	160	280
WP_034476985.1	HTH-like	172	255	280
WP_034488235.1	RDD-Arc2	1	156	351
WP_034488235.1	HTH-like	171	254	351
WP_034503644.1	RDD-Arc2	15	163	279
WP_034503644.1	HTH-like	175	258	279
WP_034963251.1	RDD-Arc2	2	156	250
WP_034963251.1	HTH-like	157	246	250
WP_035132686.1	RDD-Arc2	2	154	246
WP_035132686.1	HTH-like	156	244	246
WP_035197245.1	RDD-Arc2	3	161	267
WP_035197245.1	HTH-like	172	266	267
WP_035275912.1	RDD-Arc2	15	153	232
WP_035275912.1	HTH-like	170	229	232
WP_035561636.1	RDD-Arc2	2	147	240
WP_035561636.1	HTH-like	168	237	240
WP_035684342.1	RDD-Arc2	2	155	247
WP_035684342.1	HTH-like	157	245	247
WP_035732428.1	RDD-Arc2	16	167	289
WP_035732428.1	HTH-like	183	262	289
WP_035744716.1	RDD-Arc2	1	150	268
WP_035744716.1	HTH-like	165	246	268
WP_036016153.1	RDD-Arc2	2	148	230
WP_036016153.1	HTH-like	166	229	230
WP_036168644.1	RDD-Arc2	2	148	226
WP_036168644.1	HTH-like	166	226	226
WP_036295541.1	RDD-Arc2	13	160	281
WP_036295541.1	HTH-like	182	257	281
WP_036318557.1	RDD-Arc2	10	161	270
WP_036318557.1	HTH-like	177	258	270
WP_036477313.1	RDD-Arc2	3	151	270
WP_036477313.1	HTH-like	164	241	270
WP_036508393.1	RDD-Arc2	10	159	269
WP_036508393.1	HTH-like	179	255	269
WP_036531998.1	RDD-Arc2	1	164	262
WP_036531998.1	HTH-like	180	258	262
WP_036841887.1	RDD-Arc2	2	157	263
WP_036841887.1	HTH-like	167	262	263
WP_036946193.1	RDD-Arc2	6	157	250
WP_036946193.1	HTH-like	177	248	250
WP_036997371.1	RDD-Arc2	18	164	244
WP_036997371.1	HTH-like	183	240	244
WP_037037566.1	RDD-Arc2	17	182	307
WP_037037566.1	HTH-like	210	299	307
WP_037535690.1	RDD-Arc2	21	189	290
WP_037535690.1	HTH-like	212	286	290
WP_037566722.1	RDD-Arc2	15	190	291
WP_037566722.1	HTH-like	212	291	291
WP_038467355.1	RDD-Arc2	4	149	267
WP_038467355.1	HTH-like	174	245	267
WP_038646185.1	RDD-Arc2	14	185	287
WP_038646185.1	HTH-like	209	287	287
WP_039018365.1	RDD-Arc2	11	171	287
WP_039018365.1	HTH-like	196	281	287
WP_039886335.1	RDD-Arc2	15	160	280
WP_039886335.1	HTH-like	172	255	280
WP_039914921.1	RDD-Arc2	3	149	225
WP_039914921.1	HTH-like	166	225	225
WP_040165421.1	RDD-Arc2	1	157	269
WP_040165421.1	HTH-like	173	254	269
WP_040214424.1	RDD-Arc2	2	153	230
WP_040214424.1	HTH-like	161	230	230
WP_040279798.1	RDD-Arc2	3	154	252
WP_040279798.1	HTH-like	156	244	252
WP_040406777.1	RDD-Arc2	1	153	276
WP_040406777.1	HTH-like	166	249	276
WP_041496366.1	RDD-Arc2	6	149	240
WP_041496366.1	HTH-like	151	238	240
WP_042262422.1	RDD-Arc2	3	154	271
WP_042262422.1	HTH-like	170	245	271
WP_042368839.1	RDD-Arc2	2	150	247
WP_042368839.1	HTH-like	155	243	247
WP_042541933.1	RDD-Arc2	1	155	269
WP_042541933.1	HTH-like	171	242	269
WP_043056766.1	RDD-Arc2	13	157	270
WP_043056766.1	HTH-like	171	254	270
WP_043531787.1	RDD-Arc2	7	163	297
WP_043531787.1	HTH-like	176	259	297
WP_043587001.1	RDD-Arc2	20	165	268
WP_043587001.1	HTH-like	171	266	268
WP_043757375.1	RDD-Arc2	11	148	227
WP_043757375.1	HTH-like	165	226	227
WP_044022612.1	RDD-Arc2	3	163	269
WP_044022612.1	HTH-like	176	268	269
WP_044073069.1	RDD-Arc2	2	148	247
WP_044073069.1	HTH-like	156	240	247
WP_044172784.1	RDD-Arc2	2	154	246
WP_044172784.1	HTH-like	156	240	246
WP_044211941.1	RDD-Arc2	9	96	192
WP_044211941.1	HTH-like	104	192	192
WP_044217341.1	RDD-Arc2	2	156	254
WP_044217341.1	HTH-like	159	244	254
WP_044218169.1	RDD-Arc2	4	154	248
WP_044218169.1	HTH-like	160	248	248
WP_044403761.1	RDD-Arc2	2	148	238
WP_044403761.1	HTH-like	149	236	238
WP_044618930.1	RDD-Arc2	3	148	243
WP_044618930.1	HTH-like	165	226	243
WP_044638486.1	RDD-Arc2	2	147	239
WP_044638486.1	HTH-like	148	237	239
WP_045073037.1	RDD-Arc2	3	149	265
WP_045073037.1	HTH-like	163	245	265
WP_045113852.1	RDD-Arc2	2	151	246
WP_045113852.1	HTH-like	153	242	246
WP_045117284.1	RDD-Arc2	17	169	352
WP_045117284.1	HTH-like	185	255	352
WP_045255455.1	RDD-Arc2	1	155	269
WP_045255455.1	HTH-like	171	252	269
WP_045258960.1	RDD-Arc2	1	155	269
WP_045258960.1	HTH-like	171	242	269
WP_045800856.1	RDD-Arc2	2	148	238
WP_045800856.1	HTH-like	149	236	238
WP_045859211.1	RDD-Arc2	1	151	231
WP_045859211.1	HTH-like	170	230	231
WP_046013953.1	RDD-Arc2	1	155	269
WP_046013953.1	HTH-like	171	242	269
WP_046313271.1	RDD-Arc2	2	146	239
WP_046313271.1	HTH-like	150	234	239
WP_046471483.1	RDD-Arc2	9	160	275
WP_046471483.1	HTH-like	173	256	275
WP_046744285.1	RDD-Arc2	2	156	246
WP_046744285.1	HTH-like	157	244	246
WP_046903413.1	RDD-Arc2	10	197	297
WP_046903413.1	HTH-like	221	297	297
WP_047137728.1	RDD-Arc2	2	148	227
WP_047137728.1	HTH-like	165	226	227
WP_047244781.1	RDD-Arc2	2	148	238
WP_047244781.1	HTH-like	149	236	238
WP_047319808.1	RDD-Arc2	7	153	276
WP_047319808.1	HTH-like	165	247	276
WP_047446903.1	RDD-Arc2	2	141	232
WP_047446903.1	HTH-like	143	232	232
WP_047496337.1	RDD-Arc2	12	170	279
WP_047496337.1	HTH-like	198	274	279
WP_047547237.1	RDD-Arc2	3	155	253
WP_047547237.1	HTH-like	157	245	253
WP_048439490.1	RDD-Arc2	3	149	232
WP_048439490.1	HTH-like	166	227	232
WP_048499983.1	RDD-Arc2	2	155	249
WP_048499983.1	HTH-like	156	245	249
WP_048921749.1	RDD-Arc2	3	144	235
WP_048921749.1	HTH-like	157	231	235
WP_049435798.1	RDD-Arc2	6	151	229
WP_049435798.1	HTH-like	168	229	229
WP_049444195.1	RDD-Arc2	6	151	229
WP_049444195.1	HTH-like	168	229	229
WP_049461685.1	RDD-Arc2	6	151	229
WP_049461685.1	HTH-like	168	229	229
WP_049641236.1	RDD-Arc2	29	194	321
WP_049641236.1	HTH-like	225	316	321
WP_049822472.1	RDD-Arc2	3	150	191
WP_049822472.1	HTH-like	163	191	191
WP_049897923.1	RDD-Arc2	3	154	189
WP_050377202.1	RDD-Arc2	2	154	247
WP_050377202.1	HTH-like	155	244	247
WP_050702640.1	RDD-Arc2	3	154	249
WP_050702640.1	HTH-like	171	245	249
WP_050721359.1	RDD-Arc2	1	155	269
WP_050721359.1	HTH-like	171	242	269
WP_051061811.1	RDD-Arc2	26	176	285
WP_051061811.1	HTH-like	189	262	285
WP_051082993.1	RDD-Arc2	5	164	251
WP_051082993.1	HTH-like	187	247	251
WP_051221407.1	RDD-Arc2	3	152	274
WP_051221407.1	HTH-like	207	272	274
WP_051259224.1	RDD-Arc2	19	165	284
WP_051259224.1	HTH-like	177	260	284
WP_051296227.1	RDD-Arc2	2	163	362
WP_051296227.1	HTH-like	278	360	362
WP_051571403.1	RDD-Arc2	3	157	279
WP_051571403.1	HTH-like	172	245	279
WP_051797655.1	RDD-Arc2	41	198	368
WP_051797655.1	HTH-like	211	294	368
WP_052251068.1	RDD-Arc2	4	149	281
WP_052251068.1	HTH-like	162	245	281
WP_052388097.1	RDD-Arc2	13	171	308
WP_052388097.1	HTH-like	184	267	308
WP_052488019.1	RDD-Arc2	1	161	264
WP_052488019.1	HTH-like	177	264	264
WP_052595566.1	RDD-Arc2	2	149	243
WP_052595566.1	HTH-like	153	243	243
WP_053095655.1	RDD-Arc2	1	155	269
WP_053095655.1	HTH-like	171	242	269
WP_053225142.1	RDD-Arc2	2	144	236
WP_053225142.1	HTH-like	155	233	236
WP_053234986.1	RDD-Arc2	1	150	244
WP_053234986.1	HTH-like	169	243	244
WP_053335860.1	RDD-Arc2	14	169	270
WP_053405871.1	RDD-Arc2	2	146	248
WP_053405871.1	HTH-like	159	233	248
WP_053432488.1	RDD-Arc2	1	163	266
WP_053432488.1	HTH-like	171	266	266
WP_053539436.1	RDD-Arc2	1	162	259
WP_053539436.1	HTH-like	184	259	259
WP_053835958.1	RDD-Arc2	1	150	228
WP_053835958.1	HTH-like	172	228	228
WP_053956073.1	RDD-Arc2	2	152	227
WP_054006563.1	RDD-Arc2	28	192	306
WP_054006563.1	HTH-like	216	300	306
WP_054010218.1	RDD-Arc2	4	149	267
WP_054010218.1	HTH-like	164	245	267
WP_054108867.1	RDD-Arc2	20	216	325
WP_054108867.1	HTH-like	246	323	325
WP_054409652.1	RDD-Arc2	2	156	247
WP_054409652.1	HTH-like	157	245	247
WP_054684780.1	RDD-Arc2	14	157	276
WP_054684780.1	HTH-like	177	254	276
WP_054880824.1	RDD-Arc2	3	149	291
WP_054880824.1	HTH-like	161	244	291
WP_055240258.1	RDD-Arc2	3	151	270
WP_055240258.1	HTH-like	164	247	270
WP_055412339.1	RDD-Arc2	2	149	240
WP_055412339.1	HTH-like	151	238	240
WP_055746888.1	RDD-Arc2	8	166	274
WP_055746888.1	HTH-like	176	272	274
WP_055817939.1	RDD-Arc2	20	192	300
WP_055817939.1	HTH-like	219	296	300
WP_055859629.1	RDD-Arc2	19	160	282
WP_055859629.1	HTH-like	177	247	282
WP_055861865.1	RDD-Arc2	2	154	248
WP_055861865.1	HTH-like	155	244	248
WP_055869091.1	RDD-Arc2	1	155	269
WP_055869091.1	HTH-like	171	242	269
WP_055912897.1	RDD-Arc2	4	149	271
WP_055912897.1	HTH-like	162	245	271
WP_055939214.1	RDD-Arc2	2	148	226
WP_055939214.1	HTH-like	166	226	226
WP_056127528.1	RDD-Arc2	2	148	227
WP_056127528.1	HTH-like	165	226	227
WP_056266206.1	RDD-Arc2	18	158	242
WP_056266206.1	HTH-like	179	241	242
WP_056308470.1	RDD-Arc2	1	155	269
WP_056308470.1	HTH-like	171	242	269
WP_056394945.1	RDD-Arc2	20	192	300
WP_056394945.1	HTH-like	219	296	300
WP_056412540.1	RDD-Arc2	11	185	288
WP_056412540.1	HTH-like	208	284	288
WP_056453937.1	RDD-Arc2	12	187	289
WP_056453937.1	HTH-like	211	288	289
WP_056497987.1	RDD-Arc2	17	190	294
WP_056497987.1	HTH-like	217	294	294
WP_056509008.1	RDD-Arc2	1	155	269
WP_056509008.1	HTH-like	171	242	269
WP_056548834.1	RDD-Arc2	3	147	267
WP_056548834.1	HTH-like	163	246	267
WP_056616233.1	RDD-Arc2	15	190	291
WP_056616233.1	HTH-like	212	291	291
WP_056672506.1	RDD-Arc2	10	155	277
WP_056672506.1	HTH-like	168	240	277
WP_056710748.1	RDD-Arc2	13	160	270
WP_056710748.1	HTH-like	173	256	270
WP_056740232.1	RDD-Arc2	3	149	268
WP_056740232.1	HTH-like	162	245	268
WP_056752073.1	RDD-Arc2	17	164	274
WP_056752073.1	HTH-like	177	260	274
WP_056851158.1	RDD-Arc2	3	152	247
WP_056851158.1	HTH-like	155	243	247
WP_056869417.1	RDD-Arc2	2	152	247
WP_056869417.1	HTH-like	153	243	247
WP_056881596.1	RDD-Arc2	2	148	226
WP_056881596.1	HTH-like	165	226	226
WP_056916755.1	RDD-Arc2	12	158	271
WP_056916755.1	HTH-like	171	254	271
WP_057247274.1	RDD-Arc2	8	154	230
WP_057247274.1	HTH-like	179	229	230
WP_057497980.1	RDD-Arc2	6	151	229
WP_057497980.1	HTH-like	168	229	229
WP_057781467.1	RDD-Arc2	2	179	270
WP_057781467.1	HTH-like	180	268	270
WP_057944939.1	RDD-Arc2	2	149	227
WP_057944939.1	HTH-like	166	227	227
WP_057971995.1	RDD-Arc2	2	149	227
WP_057971995.1	HTH-like	166	227	227
WP_058232114.1	RDD-Arc2	23	164	276
WP_058232114.1	HTH-like	187	262	276
WP_058557705.1	RDD-Arc2	19	158	256
WP_058557705.1	HTH-like	176	236	256
WP_058889788.1	RDD-Arc2	11	157	268
WP_058889788.1	HTH-like	172	253	268
WP_059007634.1	RDD-Arc2	3	149	310
WP_059007634.1	HTH-like	172	247	310
WP_061479017.1	RDD-Arc2	6	151	229
WP_061479017.1	HTH-like	168	229	229
WP_061968196.1	RDD-Arc2	17	192	301
WP_061968196.1	HTH-like	212	295	301
WP_062162674.1	RDD-Arc2	2	155	249
WP_062162674.1	HTH-like	156	245	249
WP_062618384.1	RDD-Arc2	2	145	240
WP_062618384.1	HTH-like	146	232	240
WP_062633779.1	RDD-Arc2	1	155	269
WP_062633779.1	HTH-like	171	242	269
WP_062673686.1	RDD-Arc2	2	155	249
WP_062673686.1	HTH-like	156	245	249
WP_062757057.1	RDD-Arc2	4	149	343
WP_062757057.1	HTH-like	171	246	343
WP_063229827.1	RDD-Arc2	11	167	274
WP_063229827.1	HTH-like	178	273	274
WP_063318817.1	RDD-Arc2	17	182	306
WP_063318817.1	HTH-like	211	301	306
WP_064090707.1	RDD-Arc2	5	169	258
WP_064090707.1	HTH-like	190	253	258
WP_064416000.1	RDD-Arc2	8	153	287
WP_064416000.1	HTH-like	168	248	287
WP_064420692.1	RDD-Arc2	8	153	284
WP_064420692.1	HTH-like	168	248	284
WP_064984769.1	RDD-Arc2	14	185	287
WP_064984769.1	HTH-like	209	287	287
WP_065024562.1	RDD-Arc2	7	153	276
WP_065024562.1	HTH-like	165	248	276
WP_065037919.1	RDD-Arc2	3	149	298
WP_065037919.1	HTH-like	161	244	298
WP_065156694.1	RDD-Arc2	3	149	295
WP_065156694.1	HTH-like	165	244	295
WP_065400364.1	RDD-Arc2	2	155	248
WP_065400364.1	HTH-like	156	245	248
WP_066062556.1	RDD-Arc2	3	161	267
WP_066062556.1	HTH-like	169	266	267
WP_066214574.1	RDD-Arc2	2	147	244
WP_066214574.1	HTH-like	148	234	244
WP_066398698.1	RDD-Arc2	3	161	268
WP_066398698.1	HTH-like	175	267	268
WP_066408711.1	RDD-Arc2	2	175	265
WP_066408711.1	HTH-like	178	264	265
WP_066415797.1	RDD-Arc2	1	157	263
WP_066415797.1	HTH-like	170	262	263
WP_066566810.1	RDD-Arc2	15	166	258
WP_066566810.1	HTH-like	186	250	258
WP_066580512.1	RDD-Arc2	17	191	299
WP_066580512.1	HTH-like	216	298	299
WP_066599086.1	RDD-Arc2	14	188	292
WP_066599086.1	HTH-like	211	286	292
WP_066623083.1	RDD-Arc2	2	145	238
WP_066623083.1	HTH-like	158	229	238
WP_066641870.1	RDD-Arc2	11	157	268
WP_066641870.1	HTH-like	172	253	268
WP_066650988.1	RDD-Arc2	10	186	288
WP_066650988.1	HTH-like	210	288	288
WP_066656444.1	RDD-Arc2	11	181	289
WP_066656444.1	HTH-like	206	288	289
WP_066689290.1	RDD-Arc2	6	180	288
WP_066689290.1	HTH-like	207	284	288
WP_066791617.1	RDD-Arc2	7	160	267
WP_066791617.1	HTH-like	194	255	267
WP_066832488.1	RDD-Arc2	2	147	238
WP_066832488.1	HTH-like	160	234	238
WP_066846971.1	RDD-Arc2	8	153	287
WP_066846971.1	HTH-like	168	248	287
WP_067000558.1	RDD-Arc2	14	185	287
WP_067000558.1	HTH-like	209	287	287
WP_067117203.1	RDD-Arc2	1	155	269
WP_067117203.1	HTH-like	171	252	269
WP_067198472.1	RDD-Arc2	1	155	269
WP_067198472.1	HTH-like	171	224	269
WP_067213522.1	RDD-Arc2	3	161	267
WP_067213522.1	HTH-like	169	266	267
WP_067272954.1	RDD-Arc2	19	161	245
WP_067272954.1	HTH-like	184	244	245
WP_067317366.1	RDD-Arc2	3	149	288
WP_067317366.1	HTH-like	161	243	288
WP_067329877.1	RDD-Arc2	14	185	287
WP_067329877.1	HTH-like	209	287	287
WP_067455503.1	RDD-Arc2	3	154	248
WP_067455503.1	HTH-like	167	244	248
WP_067497530.1	RDD-Arc2	14	171	314
WP_067497530.1	HTH-like	184	256	314
WP_067616015.1	RDD-Arc2	19	211	323
WP_067616015.1	HTH-like	241	321	323
WP_067789440.1	RDD-Arc2	14	195	300
WP_067789440.1	HTH-like	224	300	300
WP_067795835.1	RDD-Arc2	8	153	283
WP_067795835.1	HTH-like	168	248	283
WP_067850139.1	RDD-Arc2	8	153	296
WP_067850139.1	HTH-like	165	248	296
WP_068195977.1	RDD-Arc2	8	153	287
WP_068195977.1	HTH-like	168	248	287
WP_068206367.1	RDD-Arc2	3	149	239
WP_068206367.1	HTH-like	152	237	239
WP_068213314.1	RDD-Arc2	6	157	280
WP_068213314.1	HTH-like	174	255	280
WP_068214646.1	RDD-Arc2	5	150	246
WP_068214646.1	HTH-like	153	246	246
WP_068235245.1	RDD-Arc2	2	146	237
WP_068235245.1	HTH-like	162	235	237
WP_068484135.1	RDD-Arc2	2	151	241
WP_068484135.1	HTH-like	152	239	241
WP_068593182.1	RDD-Arc2	2	151	241
WP_068593182.1	HTH-like	152	239	241
WP_068705525.1	RDD-Arc2	3	149	238
WP_068705525.1	HTH-like	150	237	238
WP_068820869.1	RDD-Arc2	2	147	241
WP_068820869.1	HTH-like	148	237	241
WP_068836479.1	RDD-Arc2	2	146	238
WP_068836479.1	HTH-like	147	233	238
WP_068854364.1	RDD-Arc2	6	151	229
WP_068854364.1	HTH-like	168	229	229
WP_069000142.1	RDD-Arc2	11	151	231
WP_069000142.1	HTH-like	170	231	231
WP_069004546.1	RDD-Arc2	15	155	233
WP_069004546.1	HTH-like	172	233	233
WP_069082479.1	RDD-Arc2	20	166	246
WP_069082479.1	HTH-like	185	243	246
WP_069318915.1	RDD-Arc2	5	181	288
WP_069318915.1	HTH-like	205	287	288
WP_069690709.1	RDD-Arc2	17	192	314
WP_069690709.1	HTH-like	212	295	314
WP_069816289.1	RDD-Arc2	4	149	322
WP_069816289.1	HTH-like	163	246	322
WP_069981203.1	RDD-Arc2	2	153	228
WP_069981203.1	HTH-like	168	212	228
WP_070158561.1	RDD-Arc2	3	150	272
WP_070158561.1	HTH-like	166	243	272
WP_070353388.1	RDD-Arc2	8	153	297
WP_070353388.1	HTH-like	168	238	297
WP_070472509.1	RDD-Arc2	6	151	229
WP_070472509.1	HTH-like	169	229	229
WP_070664839.1	RDD-Arc2	3	153	272
WP_070664839.1	HTH-like	178	259	272
WP_070932755.1	RDD-Arc2	6	184	294
WP_070932755.1	HTH-like	210	288	294
WP_071028952.1	RDD-Arc2	3	149	287
WP_071028952.1	HTH-like	165	235	287
WP_071098434.1	RDD-Arc2	14	185	287
WP_071098434.1	HTH-like	209	287	287
WP_071163924.1	RDD-Arc2	7	158	274
WP_071163924.1	HTH-like	172	242	274
WP_071328280.1	RDD-Arc2	1	155	269
WP_071328280.1	HTH-like	171	242	269
WP_071454042.1	RDD-Arc2	1	167	260
WP_071454042.1	HTH-like	188	251	260
WP_071872082.1	RDD-Arc2	9	155	233
WP_071872082.1	HTH-like	173	232	233
WP_071925684.1	RDD-Arc2	3	154	248
WP_071925684.1	HTH-like	167	244	248
WP_072555068.1	RDD-Arc2	3	149	237
WP_072555068.1	HTH-like	150	236	237
WP_072576245.1	RDD-Arc2	2	148	232
WP_072576245.1	HTH-like	168	229	232
WP_072622945.1	RDD-Arc2	1	164	264
WP_072622945.1	HTH-like	180	258	264
WP_073608697.1	RDD-Arc2	5	164	259
WP_073608697.1	HTH-like	184	257	259
WP_073808214.1	RDD-Arc2	3	148	335
WP_073808214.1	HTH-like	176	247	335
WP_073823917.1	RDD-Arc2	21	166	286
WP_073823917.1	HTH-like	181	260	286
WP_073852514.1	RDD-Arc2	2	146	239
WP_073852514.1	HTH-like	147	234	239
WP_074452998.1	RDD-Arc2	5	152	244
WP_074452998.1	HTH-like	165	240	244
WP_074699206.1	RDD-Arc2	3	150	267
WP_074699206.1	HTH-like	163	246	267
WP_075081779.1	RDD-Arc2	27	205	304
WP_075081779.1	HTH-like	221	296	304
WP_075098116.1	RDD-Arc2	3	177	288
WP_075098116.1	HTH-like	199	285	288
WP_075165991.1	RDD-Arc2	1	162	262
WP_075165991.1	HTH-like	189	258	262
WP_075342265.1	RDD-Arc2	1	178	270
WP_075342265.1	HTH-like	179	268	270
WP_075361033.1	RDD-Arc2	16	166	290
WP_075361033.1	HTH-like	178	261	290
WP_075603860.1	RDD-Arc2	4	146	238
WP_075603860.1	HTH-like	147	237	238
WP_075896677.1	RDD-Arc2	3	149	347
WP_075896677.1	HTH-like	163	242	347
WP_076066293.1	RDD-Arc2	24	177	301
WP_076066293.1	HTH-like	190	270	301
WP_076073083.1	RDD-Arc2	17	185	287
WP_076073083.1	HTH-like	208	282	287
WP_076343655.1	RDD-Arc2	13	167	275
WP_076343655.1	HTH-like	195	254	275
WP_076353299.1	RDD-Arc2	2	155	249
WP_076353299.1	HTH-like	156	245	249
WP_076359862.1	RDD-Arc2	10	163	268
WP_076359862.1	HTH-like	172	268	268
WP_076380353.1	RDD-Arc2	2	153	244
WP_076380353.1	HTH-like	164	242	244
WP_076449647.1	RDD-Arc2	2	155	249
WP_076449647.1	HTH-like	156	245	249
WP_076596960.1	RDD-Arc2	2	155	249
WP_076596960.1	HTH-like	156	245	249
WP_076620734.1	RDD-Arc2	3	155	247
WP_076620734.1	HTH-like	157	245	247
WP_076661960.1	RDD-Arc2	2	148	238
WP_076661960.1	HTH-like	149	236	238
WP_076696610.1	RDD-Arc2	1	146	264
WP_076696610.1	HTH-like	163	245	264
WP_076715217.1	RDD-Arc2	2	148	227
WP_076715217.1	HTH-like	164	227	227
WP_076843326.1	RDD-Arc2	3	151	363
WP_076843326.1	HTH-like	164	244	363
WP_076958316.1	RDD-Arc2	15	188	288
WP_076958316.1	HTH-like	210	288	288
WP_077133522.1	RDD-Arc2	1	146	231
WP_077133522.1	HTH-like	147	230	231
WP_077407562.1	RDD-Arc2	18	164	260
WP_077407562.1	HTH-like	186	242	260
WP_077522512.1	RDD-Arc2	18	164	244
WP_077522512.1	HTH-like	183	240	244
WP_077730880.1	RDD-Arc2	8	154	242
WP_077730880.1	HTH-like	172	234	242
WP_077809245.1	RDD-Arc2	2	179	270
WP_077809245.1	HTH-like	180	268	270
WP_077919489.1	RDD-Arc2	1	146	231
WP_077919489.1	HTH-like	147	230	231
WP_078045463.1	RDD-Arc2	17	163	239
WP_078045463.1	HTH-like	180	238	239
WP_078349167.1	RDD-Arc2	2	148	243
WP_078349167.1	HTH-like	151	235	243
WP_078402941.1	RDD-Arc2	2	154	248
WP_078402941.1	HTH-like	156	245	248
WP_078486282.1	RDD-Arc2	15	155	233
WP_078486282.1	HTH-like	172	233	233
WP_078553553.1	RDD-Arc2	3	155	260
WP_078553553.1	HTH-like	162	259	260
WP_079324689.1	RDD-Arc2	2	148	251
WP_079324689.1	HTH-like	166	226	251
WP_079423744.1	RDD-Arc2	2	154	229
WP_079423744.1	HTH-like	164	229	229
WP_079926513.1	RDD-Arc2	8	151	280
WP_079926513.1	HTH-like	166	246	280
WP_080241486.1	RDD-Arc2	1	147	232
WP_080241486.1	HTH-like	149	231	232
WP_080813363.1	RDD-Arc2	1	164	270
WP_080813363.1	HTH-like	184	262	270
WP_081319263.1	RDD-Arc2	29	173	284
WP_081319263.1	HTH-like	194	271	284
WP_081853453.1	RDD-Arc2	29	214	323
WP_081853453.1	HTH-like	247	323	323
WP_081882293.1	RDD-Arc2	22	165	286
WP_081882293.1	HTH-like	181	262	286
WP_082489923.1	RDD-Arc2	28	173	294
WP_082489923.1	HTH-like	189	270	294
WP_082500893.1	RDD-Arc2	17	170	291
WP_082500893.1	HTH-like	186	266	291
WP_082584817.1	RDD-Arc2	23	199	303
WP_082584817.1	HTH-like	223	303	303
WP_082661983.1	RDD-Arc2	26	181	292
WP_082661983.1	HTH-like	210	290	292
WP_082933682.1	RDD-Arc2	49	196	305
WP_082933682.1	HTH-like	209	293	305
WP_083040575.1	RDD-Arc2	3	153	272
WP_083040575.1	HTH-like	168	248	272
WP_083061523.1	RDD-Arc2	8	153	277
WP_083061523.1	HTH-like	168	248	277
WP_083184027.1	RDD-Arc2	16	162	240
WP_083184027.1	HTH-like	181	239	240
WP_083255789.1	RDD-Arc2	28	197	326
WP_083255789.1	HTH-like	222	309	326
WP_083591006.1	RDD-Arc2	26	193	316
WP_083591006.1	HTH-like	219	308	316
WP_083645253.1	RDD-Arc2	3	146	235
WP_083645253.1	HTH-like	147	234	235
WP_083720918.1	RDD-Arc2	2	153	243
WP_083720918.1	HTH-like	154	242	243
WP_084038283.1	RDD-Arc2	7	153	275
WP_084038283.1	HTH-like	166	245	275
WP_084077131.1	RDD-Arc2	5	152	274
WP_084077131.1	HTH-like	165	246	274
WP_084104919.1	RDD-Arc2	7	153	275
WP_084104919.1	HTH-like	166	247	275
WP_084124191.1	RDD-Arc2	9	152	273
WP_084124191.1	HTH-like	165	247	273
WP_084129338.1	RDD-Arc2	5	152	274
WP_084129338.1	HTH-like	165	246	274
WP_084306253.1	RDD-Arc2	17	163	241
WP_084306253.1	HTH-like	180	239	241
WP_084541130.1	RDD-Arc2	63	209	320
WP_084541130.1	HTH-like	227	295	320
WP_084723014.1	RDD-Arc2	12	160	304
WP_084723014.1	HTH-like	173	246	304
WP_085085578.1	RDD-Arc2	3	153	276
WP_085085578.1	HTH-like	165	248	276
WP_085111433.1	RDD-Arc2	3	149	293
WP_085111433.1	HTH-like	161	243	293
WP_085128696.1	RDD-Arc2	7	153	276
WP_085128696.1	HTH-like	165	248	276
WP_085158965.1	RDD-Arc2	3	149	327
WP_085158965.1	HTH-like	161	244	327
WP_085232678.1	RDD-Arc2	3	149	299
WP_085232678.1	HTH-like	161	244	299
WP_085765478.1	RDD-Arc2	6	149	240
WP_085765478.1	HTH-like	151	238	240
WP_086130846.1	RDD-Arc2	16	192	294
WP_086130846.1	HTH-like	216	294	294
WP_086486561.1	RDD-Arc2	8	154	233
WP_086486561.1	HTH-like	171	233	233
WP_086516697.1	RDD-Arc2	18	161	289
WP_086516697.1	HTH-like	181	259	289
WP_087031004.1	RDD-Arc2	3	154	270
WP_087031004.1	HTH-like	167	248	270
WP_087056512.1	RDD-Arc2	24	169	278
WP_087056512.1	HTH-like	185	266	278
WP_087073414.1	RDD-Arc2	12	157	289
WP_087073414.1	HTH-like	176	252	289
WP_087519812.1	RDD-Arc2	2	179	270
WP_087519812.1	HTH-like	180	268	270
WP_087522889.1	RDD-Arc2	2	150	240
WP_087522889.1	HTH-like	151	238	240
WP_088255434.1	RDD-Arc2	1	162	264
WP_088255434.1	HTH-like	191	254	264
WP_088316811.1	RDD-Arc2	47	192	319
WP_088316811.1	HTH-like	205	288	319
WP_088343044.1	RDD-Arc2	16	188	299
WP_088343044.1	HTH-like	209	294	299
WP_089715335.1	RDD-Arc2	4	150	241
WP_089715335.1	HTH-like	151	237	241
WP_090256593.1	RDD-Arc2	2	144	236
WP_090256593.1	HTH-like	155	233	236
WP_090607627.1	RDD-Arc2	3	149	310
WP_090607627.1	HTH-like	161	244	310
WP_090628199.1	RDD-Arc2	3	151	245
WP_090628199.1	HTH-like	152	241	245
WP_090635477.1	RDD-Arc2	3	161	267
WP_090635477.1	HTH-like	169	266	267
WP_091284456.1	RDD-Arc2	7	158	272
WP_091284456.1	HTH-like	175	253	272
WP_092530936.1	RDD-Arc2	9	157	309
WP_092530936.1	HTH-like	170	253	309
WP_094293208.1	RDD-Arc2	8	153	287
WP_094293208.1	HTH-like	168	248	287
WP_094355721.1	RDD-Arc2	9	155	267
WP_094355721.1	HTH-like	169	252	267
WP_094485765.1	RDD-Arc2	2	156	247
WP_094485765.1	HTH-like	157	244	247
WP_094880142.1	RDD-Arc2	3	146	245
WP_094880142.1	HTH-like	151	237	245
WP_094968948.1	RDD-Arc2	3	151	241
WP_094968948.1	HTH-like	153	239	241
WP_094984219.1	RDD-Arc2	17	163	239
WP_094984219.1	HTH-like	180	238	239
WP_094998001.1	RDD-Arc2	2	148	238
WP_094998001.1	HTH-like	149	236	238
WP_095161002.1	RDD-Arc2	2	152	244
WP_095161002.1	HTH-like	153	238	244
WP_095767777.1	RDD-Arc2	19	190	292
WP_095767777.1	HTH-like	214	292	292
WP_095778593.1	RDD-Arc2	14	185	287
WP_095778593.1	HTH-like	209	287	287
WP_095783208.1	RDD-Arc2	14	185	287
WP_095783208.1	HTH-like	209	287	287
WP_095801239.1	RDD-Arc2	14	185	287
WP_095801239.1	HTH-like	209	287	287
WP_095808386.1	RDD-Arc2	14	185	287
WP_095808386.1	HTH-like	209	287	287
WP_095814893.1	RDD-Arc2	14	185	287
WP_095814893.1	HTH-like	209	287	287
WP_095818244.1	RDD-Arc2	19	190	292
WP_095818244.1	HTH-like	214	292	292
WP_095828581.1	RDD-Arc2	14	185	287
WP_095828581.1	HTH-like	209	287	287
WP_095837997.1	RDD-Arc2	3	152	243
WP_095837997.1	HTH-like	153	241	243
WP_095934752.1	RDD-Arc2	3	149	356
WP_095934752.1	HTH-like	166	245	356
WP_095998867.1	RDD-Arc2	13	183	280
WP_095998867.1	HTH-like	204	280	280
WP_096087057.1	RDD-Arc2	2	151	232
WP_096087057.1	HTH-like	168	229	232
WP_096342120.1	RDD-Arc2	11	183	283
WP_096342120.1	HTH-like	206	283	283
WP_096667395.1	RDD-Arc2	1	162	259
WP_096667395.1	HTH-like	184	259	259
WP_096802695.1	RDD-Arc2	18	169	286
WP_096802695.1	HTH-like	182	265	286
WP_097440323.1	RDD-Arc2	2	151	241
WP_097440323.1	HTH-like	152	239	241
WP_097460674.1	RDD-Arc2	2	147	227
WP_097460674.1	HTH-like	165	226	227
WP_098073776.1	RDD-Arc2	2	145	239
WP_098073776.1	HTH-like	146	237	239
WP_098192800.1	RDD-Arc2	2	174	267
WP_098192800.1	HTH-like	176	263	267
WP_098192801.1	RDD	30	145	151
WP_098752183.1	RDD-Arc2	3	149	387
WP_098752183.1	HTH-like	163	246	387
WP_099107770.1	RDD-Arc2	3	148	244
WP_099107770.1	HTH-like	155	244	244
WP_099152934.1	RDD-Arc2	2	154	248
WP_099152934.1	HTH-like	160	248	248
WP_099440471.1	RDD-Arc2	2	150	243
WP_099440471.1	HTH-like	153	240	243
WP_099600256.1	RDD-Arc2	2	142	240
WP_099600256.1	HTH-like	154	232	240
WP_100203620.1	RDD-Arc2	3	149	324
WP_100203620.1	HTH-like	166	246	324
WP_100280477.1	RDD-Arc2	15	191	292
WP_100280477.1	HTH-like	213	292	292
WP_100338910.1	RDD-Arc2	2	149	241
WP_100338910.1	HTH-like	150	238	241
WP_100349833.1	RDD-Arc2	3	146	268
WP_100349833.1	HTH-like	159	240	268
WP_100810246.1	RDD-Arc2	20	164	285
WP_100810246.1	HTH-like	183	261	285
WP_100866653.1	RDD-Arc2	12	194	305
WP_100866653.1	HTH-like	225	304	305
WP_100945277.1	RDD-Arc2	2	179	270
WP_100945277.1	HTH-like	180	268	270
WP_101046268.1	RDD-Arc2	3	148	238
WP_101046268.1	HTH-like	150	237	238
WP_101301639.1	RDD-Arc2	1	159	247
WP_101301639.1	HTH-like	166	247	247
WP_101333227.1	RDD-Arc2	2	170	264
WP_101333227.1	HTH-like	174	264	264
WP_101358759.1	RDD-Arc2	2	157	253
WP_101358759.1	HTH-like	158	247	253
WP_101473005.1	RDD-Arc2	2	155	247
WP_101473005.1	HTH-like	157	245	247
WP_101646115.1	RDD-Arc2	6	161	266
WP_101646115.1	HTH-like	168	265	266
WP_101846491.1	RDD-Arc2	1	155	269
WP_101846491.1	HTH-like	171	240	269
WP_101944220.1	RDD-Arc2	7	148	228
WP_101944220.1	HTH-like	165	227	228
WP_102182344.1	RDD-Arc2	1	163	262
WP_102182344.1	HTH-like	178	256	262
WP_102208304.1	RDD-Arc2	1	155	269
WP_102208304.1	HTH-like	171	242	269
WP_102791468.1	RDD-Arc2	1	149	226
WP_102791468.1	HTH-like	166	224	226
WP_103073757.1	RDD-Arc2	6	152	229
WP_103073757.1	HTH-like	170	229	229
WP_103192310.1	RDD-Arc2	2	179	270
WP_103192310.1	HTH-like	180	268	270
WP_103432254.1	RDD-Arc2	13	163	284
WP_103432254.1	HTH-like	179	257	284
WP_103726737.1	RDD-Arc2	2	151	242
WP_103726737.1	HTH-like	152	240	242
WP_103787121.1	RDD-Arc2	1	147	237
WP_103787121.1	HTH-like	153	235	237
WP_103804656.1	RDD-Arc2	2	155	247
WP_103804656.1	HTH-like	157	245	247
WP_104091194.1	RDD-Arc2	3	149	268
WP_104091194.1	HTH-like	174	245	268
WP_104104419.1	RDD-Arc2	3	150	267
WP_104104419.1	HTH-like	163	245	267
WP_104168418.1	RDD-Arc2	3	150	266
WP_104168418.1	HTH-like	163	245	266
WP_104194179.1	RDD-Arc2	19	163	296
WP_104194179.1	HTH-like	179	272	296
WP_104343189.1	RDD-Arc2	18	161	289
WP_104343189.1	HTH-like	178	259	289
WP_104383467.1	RDD-Arc2	2	151	243
WP_104383467.1	HTH-like	152	239	243
WP_104936333.1	RDD-Arc2	11	156	254
WP_104936333.1	HTH-like	173	229	254
WP_105001118.1	RDD-Arc2	3	148	237
WP_105001118.1	HTH-like	149	236	237
WP_105040621.1	RDD-Arc2	4	167	260
WP_105040621.1	HTH-like	172	257	260
WP_105048591.1	RDD-Arc2	2	179	270
WP_105048591.1	HTH-like	180	268	270
WP_105213878.1	RDD-Arc2	3	148	237
WP_105213878.1	HTH-like	149	236	237
WP_105247623.1	RDD-Arc2	4	152	243
WP_105247623.1	HTH-like	154	242	243
WP_105526856.1	RDD-Arc2	1	155	269
WP_105526856.1	HTH-like	171	226	269
WP_105672467.1	RDD-Arc2	1	155	269
WP_105672467.1	HTH-like	171	242	269
WP_105683372.1	RDD-Arc2	2	155	249
WP_105683372.1	HTH-like	156	245	249
WP_105702105.1	RDD-Arc2	2	155	249
WP_105702105.1	HTH-like	156	245	249
WP_105864612.1	RDD-Arc2	17	190	309
WP_105864612.1	HTH-like	215	300	309
WP_105949558.1	RDD-Arc2	1	155	269
WP_105949558.1	HTH-like	171	242	269
WP_105981920.1	RDD-Arc2	2	152	243
WP_105981920.1	HTH-like	154	241	243
WP_106211096.1	RDD-Arc2	21	167	290
WP_106211096.1	HTH-like	183	266	290
WP_106260337.1	RDD-Arc2	1	164	261
WP_106260337.1	HTH-like	191	258	261
WP_106307080.1	RDD-Arc2	1	158	256
WP_106307080.1	HTH-like	178	253	256
WP_106344177.1	RDD-Arc2	1	151	244
WP_106344177.1	HTH-like	178	214	244
WP_106367418.1	RDD-Arc2	1	163	259
WP_106367418.1	HTH-like	189	259	259
WP_106397611.1	RDD-Arc2	7	153	345
WP_106397611.1	HTH-like	168	241	345
WP_106464173.1	RDD-Arc2	4	156	248
WP_106464173.1	HTH-like	157	246	248
WP_106522812.1	RDD-Arc2	4	176	268
WP_106522812.1	HTH-like	178	266	268
WP_106527909.1	RDD-Arc2	2	155	247
WP_106527909.1	HTH-like	156	244	247
WP_106545872.1	RDD-Arc2	1	163	261
WP_106545872.1	HTH-like	189	258	261
WP_106563763.1	RDD-Arc2	13	158	279
WP_106563763.1	HTH-like	174	255	279
WP_106591578.1	RDD-Arc2	7	153	231
WP_106591578.1	HTH-like	171	231	231
WP_106638428.1	RDD-Arc2	1	153	246
WP_106638428.1	HTH-like	154	241	246
WP_106775604.1	RDD-Arc2	11	187	288
WP_106775604.1	HTH-like	209	288	288
WP_106929796.1	RDD-Arc2	2	146	238
WP_106929796.1	HTH-like	147	230	238
WP_106937653.1	RDD-Arc2	1	148	245
WP_106937653.1	HTH-like	166	232	245
WP_107232516.1	RDD-Arc2	6	151	229
WP_107232516.1	HTH-like	169	229	229
WP_107494109.1	RDD-Arc2	6	152	230
WP_107494109.1	HTH-like	170	230	230
WP_107647287.1	RDD-Arc2	15	186	289
WP_107647287.1	HTH-like	211	289	289
WP_107823125.1	RDD-Arc2	2	144	235
WP_107823125.1	HTH-like	164	235	235
WP_107964613.1	RDD-Arc2	11	185	287
WP_107964613.1	HTH-like	207	284	287
WP_107968925.1	RDD-Arc2	1	181	286
WP_107968925.1	HTH-like	203	280	286
WP_108171806.1	RDD-Arc2	3	148	237
WP_108171806.1	HTH-like	150	236	237
WP_108212216.1	RDD-Arc2	2	146	239
WP_108212216.1	HTH-like	147	234	239
WP_108495848.1	RDD-Arc2	5	153	275
WP_108495848.1	HTH-like	166	248	275
WP_108604432.1	RDD-Arc2	15	151	240
WP_108604432.1	HTH-like	169	228	240
WP_108686599.1	RDD-Arc2	2	151	242
WP_108686599.1	HTH-like	153	238	242
WP_108747625.1	RDD-Arc2	6	151	229
WP_108747625.1	HTH-like	169	229	229
WP_108754508.1	RDD-Arc2	6	151	229
WP_108754508.1	HTH-like	168	229	229
WP_108779479.1	RDD-Arc2	2	156	247
WP_108779479.1	HTH-like	157	245	247
WP_108825788.1	RDD-Arc2	7	158	265
WP_108825788.1	HTH-like	165	258	265
WP_109262563.1	RDD-Arc2	2	146	241
WP_109262563.1	HTH-like	147	239	241
WP_109418181.1	RDD-Arc2	2	156	250
WP_109418181.1	HTH-like	157	246	250
WP_109608943.1	RDD-Arc2	2	155	249
WP_109608943.1	HTH-like	156	245	249
WP_109685832.1	RDD-Arc2	12	157	268
WP_109685832.1	HTH-like	171	253	268
WP_109695444.1	RDD-Arc2	3	171	262
WP_109695444.1	HTH-like	172	258	262
WP_109737745.1	RDD-Arc2	2	155	249
WP_109737745.1	HTH-like	156	245	249
WP_109762972.1	RDD-Arc2	2	148	227
WP_109762972.1	HTH-like	165	227	227
WP_109928636.1	RDD-Arc2	2	151	244
WP_109928636.1	HTH-like	152	241	244
WP_109984773.1	RDD-Arc2	3	159	261
WP_109984773.1	HTH-like	166	261	261
WP_110110570.1	RDD-Arc2	1	152	265
WP_110110570.1	HTH-like	165	248	265
WP_110670981.1	RDD-Arc2	3	149	353
WP_110670981.1	HTH-like	164	248	353
WP_110999893.1	RDD-Arc2	2	174	265
WP_110999893.1	HTH-like	177	264	265
WP_111063265.1	RDD-Arc2	2	155	250
WP_111063265.1	HTH-like	162	249	250
WP_111128485.1	RDD-Arc2	3	148	237
WP_111128485.1	HTH-like	149	236	237
WP_111250296.1	RDD-Arc2	5	150	272
WP_111250296.1	HTH-like	163	245	272
WP_111276325.1	RDD-Arc2	25	196	300
WP_111276325.1	HTH-like	220	298	300
WP_111479305.1	RDD-Arc2	4	157	252
WP_111479305.1	HTH-like	178	246	252
WP_111511367.1	RDD-Arc2	8	152	256
WP_111511367.1	HTH-like	168	248	256
WP_111542077.1	RDD-Arc2	3	148	237
WP_111542077.1	HTH-like	149	236	237
WP_111590217.1	RDD-Arc2	2	152	243
WP_111590217.1	HTH-like	153	240	243
WP_111599302.1	RDD-Arc2	2	157	249
WP_111599302.1	HTH-like	159	244	249
WP_111621945.1	RDD-Arc2	2	151	241
WP_111621945.1	HTH-like	152	239	241
WP_111656088.1	RDD-Arc2	2	148	229
WP_111656088.1	HTH-like	171	211	229
WP_111707448.1	RDD-Arc2	3	149	239
WP_111707448.1	HTH-like	150	237	239
WP_111904133.1	RDD-Arc2	4	149	270
WP_111904133.1	HTH-like	162	235	270
WP_112098018.1	RDD-Arc2	20	191	293
WP_112098018.1	HTH-like	215	293	293
WP_112129861.1	RDD-Arc2	19	190	292
WP_112129861.1	HTH-like	214	292	292
WP_112179911.1	RDD-Arc2	3	163	270
WP_112179911.1	HTH-like	176	269	270
WP_113617188.1	RDD	29	137	140
WP_113647876.1	RDD-Arc2	2	152	246
WP_113647876.1	HTH-like	153	243	246
WP_113659761.1	RDD-Arc2	1	159	268
WP_113659761.1	HTH-like	191	245	268
WP_114006293.1	RDD-Arc2	3	147	243
WP_114006293.1	HTH-like	148	235	243
WP_114041722.1	RDD-Arc2	4	149	402
WP_114041722.1	HTH-like	171	245	402
WP_114067991.1	RDD-Arc2	1	148	236
WP_114067991.1	HTH-like	149	232	236
WP_114118629.1	RDD-Arc2	9	160	286
WP_114118629.1	HTH-like	176	257	286
WP_114300832.1	RDD-Arc2	3	148	238
WP_114300832.1	HTH-like	149	236	238
WP_114352254.1	RDD-Arc2	3	161	266
WP_114352254.1	HTH-like	167	264	266
WP_114559538.1	RDD-Arc2	4	147	217
WP_114559538.1	HTH-like	163	217	217
WP_114747863.1	RDD-Arc2	3	147	238
WP_114747863.1	HTH-like	150	237	238
WP_114819995.1	RDD-Arc2	2	155	249
WP_114819995.1	HTH-like	156	245	249
WP_114846582.1	RDD-Arc2	2	148	226
WP_114846582.1	HTH-like	165	225	226
WP_114846583.1	RDD	16	165	166
WP_114903284.1	RDD-Arc2	2	156	246
WP_114903284.1	HTH-like	158	244	246
WP_115373441.1	RDD-Arc2	2	146	238
WP_115373441.1	HTH-like	150	230	238
WP_115404466.1	RDD-Arc2	3	152	246
WP_115404466.1	HTH-like	153	243	246
WP_115647558.1	RDD-Arc2	3	149	228
WP_115647558.1	HTH-like	171	227	228
WP_115879936.1	RDD-Arc2	3	149	239
WP_115879936.1	HTH-like	150	237	239
WP_115956677.1	RDD-Arc2	2	155	249
WP_115956677.1	HTH-like	156	245	249
WP_116012006.1	RDD-Arc2	2	155	249
WP_116012006.1	HTH-like	156	245	249
WP_116045146.1	RDD-Arc2	6	154	292
WP_116045146.1	HTH-like	167	248	292
WP_116240301.1	RDD-Arc2	1	155	269
WP_116240301.1	HTH-like	171	252	269
WP_116413865.1	RDD-Arc2	22	166	287
WP_116413865.1	HTH-like	182	223	287
WP_116536231.1	RDD-Arc2	1	164	276
WP_116536231.1	HTH-like	181	262	276
WP_116707413.1	RDD-Arc2	6	156	315
WP_116707413.1	HTH-like	170	253	315
WP_116807969.1	RDD-Arc2	5	161	244
WP_116846949.1	RDD-Arc2	3	155	245
WP_116846949.1	HTH-like	156	243	245
WP_116851489.1	RDD-Arc2	2	153	243
WP_116851489.1	HTH-like	154	242	243
WP_116864170.1	RDD-Arc2	6	151	229
WP_116864170.1	HTH-like	169	229	229
WP_117159981.1	RDD-Arc2	3	147	237
WP_117159981.1	HTH-like	148	235	237
WP_117357437.1	RDD-Arc2	1	156	367
WP_117357437.1	HTH-like	171	244	367
WP_119077552.1	RDD-Arc2	4	170	262
WP_119077552.1	HTH-like	173	258	262
WP_119084332.1	RDD-Arc2	6	197	298
WP_119084332.1	HTH-like	223	297	298
WP_119319439.1	RDD-Arc2	1	189	296
WP_119319439.1	HTH-like	208	274	296
WP_119396197.1	RDD-Arc2	7	153	231
WP_119396197.1	HTH-like	170	231	231
WP_119631163.1	RDD-Arc2	3	155	243
WP_119631163.1	HTH-like	174	235	243
WP_119654854.1	RDD-Arc2	2	149	245
WP_119654854.1	HTH-like	161	239	245
WP_119751912.1	RDD-Arc2	3	171	299
WP_119751912.1	HTH-like	196	281	299
WP_119950750.1	RDD-Arc2	3	147	296
WP_119950750.1	HTH-like	161	241	296
WP_120015814.1	RDD-Arc2	13	184	286
WP_120015814.1	HTH-like	208	286	286
WP_120025978.1	RDD-Arc2	1	155	275
WP_120025978.1	HTH-like	168	249	275
WP_120148288.1	RDD-Arc2	3	150	266
WP_120148288.1	HTH-like	163	245	266
WP_120212241.1	RDD-Arc2	2	156	250
WP_120212241.1	HTH-like	157	246	250
WP_120232620.1	RDD-Arc2	2	155	249
WP_120232620.1	HTH-like	156	245	249
WP_120239303.1	RDD-Arc2	2	144	238
WP_120239303.1	HTH-like	145	236	238
WP_120325773.1	RDD-Arc2	16	193	293
WP_120325773.1	HTH-like	217	293	293
WP_120519419.1	RDD-Arc2	4	168	259
WP_120519419.1	HTH-like	169	255	259
WP_120684638.1	RDD-Arc2	3	149	328
WP_120684638.1	HTH-like	174	248	328
WP_121060145.1	RDD-Arc2	17	169	290
WP_121060145.1	HTH-like	185	266	290
WP_121100029.1	RDD-Arc2	14	189	293
WP_121100029.1	HTH-like	213	293	293
WP_121148967.1	RDD-Arc2	17	159	275
WP_121148967.1	HTH-like	175	256	275
WP_121256671.1	RDD-Arc2	16	162	293
WP_121256671.1	HTH-like	179	258	293
WP_121326087.1	RDD-Arc2	2	155	247
WP_121326087.1	HTH-like	157	245	247
WP_121377663.1	RDD-Arc2	2	155	247
WP_121377663.1	HTH-like	157	245	247
WP_121486173.1	RDD-Arc2	2	155	249
WP_121486173.1	HTH-like	156	245	249
WP_121665768.1	RDD-Arc2	2	149	238
WP_121665768.1	HTH-like	150	237	238
WP_121689237.1	RDD-Arc2	8	162	283
WP_121689237.1	HTH-like	178	259	283
WP_121804302.1	RDD-Arc2	12	156	273
WP_121804302.1	HTH-like	169	240	273
WP_121812573.1	RDD-Arc2	2	150	247
WP_121812573.1	HTH-like	151	238	247
WP_121934089.1	RDD-Arc2	2	149	240
WP_121934089.1	HTH-like	150	238	240
WP_121966402.1	RDD-Arc2	2	153	245
WP_121966402.1	HTH-like	155	243	245
WP_122187057.1	RDD-Arc2	4	154	274
WP_122187057.1	HTH-like	167	248	274
WP_122399648.1	RDD-Arc2	4	150	317
WP_122399648.1	HTH-like	167	239	317
WP_123120383.1	RDD-Arc2	4	174	264
WP_123120383.1	HTH-like	179	263	264
WP_123126669.1	RDD-Arc2	2	152	243
WP_123126669.1	HTH-like	165	239	243
WP_123133157.1	RDD-Arc2	3	151	242
WP_123133157.1	HTH-like	164	238	242
WP_123142294.1	RDD-Arc2	22	159	243
WP_123142294.1	HTH-like	176	233	243
WP_123167774.1	RDD-Arc2	14	185	287
WP_123167774.1	HTH-like	209	287	287
WP_123203397.1	RDD-Arc2	9	160	271
WP_123203397.1	HTH-like	173	246	271
WP_123207560.1	RDD-Arc2	2	152	245
WP_123207560.1	HTH-like	153	243	245
WP_123232241.1	RDD-Arc2	11	155	269
WP_123232241.1	HTH-like	173	250	269
WP_123306878.1	RDD-Arc2	5	148	270
WP_123306878.1	HTH-like	161	244	270
WP_123354198.1	RDD-Arc2	28	173	294
WP_123354198.1	HTH-like	189	270	294
WP_123605062.1	RDD-Arc2	8	166	361
WP_123605062.1	HTH-like	179	262	361
WP_123770087.1	RDD-Arc2	3	149	227
WP_123770087.1	HTH-like	169	227	227
WP_123841048.1	RDD-Arc2	2	155	248
WP_123841048.1	HTH-like	156	245	248
WP_123845923.1	RDD-Arc2	4	170	262
WP_123845923.1	HTH-like	173	258	262
WP_123869745.1	RDD-Arc2	2	155	249
WP_123869745.1	HTH-like	156	245	249
WP_123901293.1	RDD-Arc2	2	155	249
WP_123901293.1	HTH-like	156	245	249
WP_124532122.1	RDD-Arc2	2	155	249
WP_124532122.1	HTH-like	156	245	249
WP_124709416.1	RDD-Arc2	22	170	278
WP_124709416.1	HTH-like	183	264	278
WP_124727415.1	RDD-Arc2	1	148	263
WP_124925122.1	RDD-Arc2	17	155	234
WP_124925122.1	HTH-like	172	233	234
WP_124979778.1	RDD-Arc2	2	150	240
WP_124979778.1	HTH-like	152	238	240
WP_124999399.1	RDD-Arc2	14	185	285
WP_124999399.1	HTH-like	207	285	285
WP_125013437.1	RDD-Arc2	2	156	247
WP_125013437.1	HTH-like	157	245	247
WP_125018053.1	RDD-Arc2	4	156	246
WP_125018053.1	HTH-like	157	245	246
WP_125111616.1	RDD-Arc2	32	175	256
WP_125111616.1	HTH-like	195	256	256
WP_125233452.1	RDD-Arc2	2	151	244
WP_125233452.1	HTH-like	156	240	244
WP_125257660.1	RDD-Arc2	11	182	285
WP_125257660.1	HTH-like	206	284	285
WP_125421066.1	RDD-Arc2	2	149	243
WP_125421066.1	HTH-like	162	237	243
WP_125433462.1	RDD-Arc2	2	149	244
WP_125433462.1	HTH-like	162	237	244
WP_125434612.1	RDD-Arc2	2	151	245
WP_125434612.1	HTH-like	166	239	245
WP_125468110.1	RDD-Arc2	2	147	238
WP_125468110.1	HTH-like	149	236	238
WP_125610616.1	RDD-Arc2	4	149	263
WP_125610616.1	HTH-like	163	244	263
WP_125611359.1	RDD-Arc2	3	150	356
WP_125611359.1	HTH-like	164	244	356
WP_125781044.1	RDD-Arc2	1	155	328
WP_125781044.1	HTH-like	168	251	328
WP_126041011.1	RDD-Arc2	10	186	288
WP_126041011.1	HTH-like	210	288	288
WP_126084362.1	RDD-Arc2	14	185	287
WP_126084362.1	HTH-like	209	287	287
WP_126094309.1	RDD-Arc2	14	185	287
WP_126094309.1	HTH-like	209	287	287
WP_126100051.1	RDD-Arc2	14	185	287
WP_126100051.1	HTH-like	209	287	287
WP_126158014.1	RDD-Arc2	15	155	234
WP_126158014.1	HTH-like	172	230	234
WP_126174425.1	RDD-Arc2	1	177	275
WP_126174425.1	HTH-like	199	275	275
WP_126245867.1	RDD-Arc2	3	171	262
WP_126245867.1	HTH-like	172	258	262
WP_126386765.1	RDD-Arc2	1	154	257
WP_126386765.1	HTH-like	174	254	257
WP_126446955.1	RDD-Arc2	2	149	240
WP_126446955.1	HTH-like	151	238	240
WP_126473559.1	RDD-Arc2	1	148	243
WP_126473559.1	HTH-like	166	229	243
WP_126618652.1	RDD-Arc2	2	145	240
WP_126618652.1	HTH-like	146	232	240
WP_126653373.1	RDD-Arc2	2	155	249
WP_126653373.1	HTH-like	156	245	249
WP_126674791.1	RDD-Arc2	2	148	226
WP_126674791.1	HTH-like	166	225	226
WP_126679322.1	RDD-Arc2	2	150	243
WP_126679322.1	HTH-like	156	239	243
WP_126684384.1	RDD	26	173	174
WP_126684385.1	RDD-Arc2	2	148	226
WP_126684385.1	HTH-like	171	225	226
WP_126693095.1	RDD-Arc2	4	154	249
WP_126693095.1	HTH-like	169	244	249
WP_127221787.1	RDD-Arc2	14	185	287
WP_127221787.1	HTH-like	209	287	287
WP_127227455.1	RDD-Arc2	20	191	293
WP_127227455.1	HTH-like	215	293	293
WP_127299534.1	RDD-Arc2	14	185	287
WP_127299534.1	HTH-like	209	287	287
WP_127303627.1	RDD-Arc2	19	190	292
WP_127303627.1	HTH-like	214	292	292
WP_127424292.1	RDD-Arc2	14	185	287
WP_127424292.1	HTH-like	209	287	287
WP_127477953.1	RDD-Arc2	1	149	224
WP_127477953.1	HTH-like	166	224	224
WP_127573961.1	RDD-Arc2	25	169	288
WP_127573961.1	HTH-like	182	263	288
WP_127704288.1	RDD-Arc2	2	149	243
WP_127704288.1	HTH-like	150	239	243
WP_127764043.1	RDD-Arc2	33	201	363
WP_127764043.1	HTH-like	275	363	363
WP_127841552.1	RDD-Arc2	42	192	315
WP_127841552.1	HTH-like	205	286	315
WP_127844150.1	RDD-Arc2	2	148	237
WP_127844150.1	HTH-like	149	236	237
WP_127860283.1	RDD-Arc2	14	185	287
WP_127860283.1	HTH-like	209	287	287
WP_127867735.1	RDD-Arc2	19	190	292
WP_127867735.1	HTH-like	214	292	292
WP_127873860.1	RDD-Arc2	19	190	292
WP_127873860.1	HTH-like	214	292	292
WP_128161874.1	RDD-Arc2	14	185	287
WP_128161874.1	HTH-like	209	287	287
WP_128259390.1	RDD-Arc2	19	190	292
WP_128259390.1	HTH-like	214	292	292
WP_128330463.1	RDD-Arc2	3	156	246
WP_128330463.1	HTH-like	157	245	246
WP_129002089.1	RDD-Arc2	2	158	248
WP_129002089.1	HTH-like	159	246	248
WP_129057681.1	RDD-Arc2	2	155	249
WP_129057681.1	HTH-like	156	245	249
WP_129172891.1	RDD-Arc2	18	158	279
WP_129172891.1	HTH-like	174	255	279
WP_129206466.1	RDD-Arc2	18	176	286
WP_129206466.1	HTH-like	208	282	286
WP_129470546.1	RDD-Arc2	2	148	226
WP_129470546.1	HTH-like	165	226	226
WP_129664612.1	RDD-Arc2	22	165	275
WP_129664612.1	HTH-like	178	261	275
WP_129775683.1	RDD-Arc2	5	161	244
WP_129793842.1	RDD-Arc2	15	190	291
WP_129793842.1	HTH-like	213	290	291
WP_129844137.1	RDD-Arc2	4	149	315
WP_129844137.1	HTH-like	163	245	315
WP_129878117.1	RDD-Arc2	3	155	249
WP_129878117.1	HTH-like	156	243	249
WP_130093543.1	RDD-Arc2	2	166	264
WP_130093543.1	HTH-like	177	264	264
WP_130413149.1	RDD-Arc2	11	150	229
WP_130413149.1	HTH-like	169	229	229
WP_130476347.1	RDD-Arc2	3	152	276
WP_130476347.1	HTH-like	167	249	276
WP_130532016.1	RDD-Arc2	11	160	238
WP_130532016.1	HTH-like	178	238	238
WP_130649830.1	RDD-Arc2	11	157	312
WP_130649830.1	HTH-like	172	251	312
WP_131097240.1	RDD-Arc2	9	160	317
WP_131097240.1	HTH-like	173	246	317
WP_131278986.1	RDD-Arc2	20	166	284
WP_131278986.1	HTH-like	179	262	284
WP_131301374.1	RDD-Arc2	17	173	350
WP_131301374.1	HTH-like	186	269	350
WP_131507609.1	RDD-Arc2	3	156	247
WP_131507609.1	HTH-like	157	245	247
WP_131668930.1	RDD-Arc2	24	162	307
WP_131668930.1	HTH-like	217	271	307
WP_131906200.1	RDD-Arc2	1	149	235
WP_131906200.1	HTH-like	167	234	235
WP_131925248.1	RDD-Arc2	20	172	288
WP_131925248.1	HTH-like	204	265	288
WP_132101102.1	RDD-Arc2	23	170	314
WP_132101102.1	HTH-like	185	265	314
WP_132128255.1	RDD-Arc2	4	146	241
WP_132128255.1	HTH-like	147	233	241
WP_132313427.1	RDD-Arc2	31	196	314
WP_132313427.1	HTH-like	223	308	314
WP_132431526.1	RDD-Arc2	2	145	243
WP_132431526.1	HTH-like	146	237	243
WP_132457025.1	RDD-Arc2	1	134	216
WP_132457025.1	HTH-like	152	212	216
WP_132490888.1	RDD-Arc2	1	135	217
WP_132490888.1	HTH-like	153	213	217
WP_132530022.1	RDD-Arc2	1	122	204
WP_132530022.1	HTH-like	140	200	204
WP_132796025.1	RDD-Arc2	2	180	271
WP_132796025.1	HTH-like	181	270	271
WP_132933855.1	RDD-Arc2	3	149	295
WP_132933855.1	HTH-like	166	245	295
WP_133235255.1	RDD-Arc2	2	150	247
WP_133235255.1	HTH-like	151	237	247
WP_133271989.1	RDD-Arc2	2	156	245
WP_133271989.1	HTH-like	158	241	245
WP_133403162.1	RDD-Arc2	3	150	267
WP_133403162.1	HTH-like	163	231	267
WP_133438859.1	RDD-Arc2	4	156	250
WP_133438859.1	HTH-like	157	246	250
WP_133468102.1	RDD-Arc2	2	147	225
WP_133468102.1	HTH-like	164	224	225
WP_133477859.1	RDD-Arc2	1	149	228
WP_133477859.1	HTH-like	166	227	228
WP_133500166.1	RDD-Arc2	9	158	237
WP_133500166.1	HTH-like	175	236	237
WP_133712934.1	RDD-Arc2	2	153	244
WP_133712934.1	HTH-like	154	241	244
WP_133797499.1	RDD-Arc2	13	158	240
WP_133797499.1	HTH-like	183	235	240
WP_133963415.1	RDD-Arc2	20	163	313
WP_133963415.1	HTH-like	180	249	313
WP_133993035.1	RDD-Arc2	2	151	240
WP_133993035.1	HTH-like	152	238	240
WP_134147120.1	RDD-Arc2	2	157	249
WP_134147120.1	HTH-like	159	247	249
WP_134246978.1	RDD-Arc2	3	149	239
WP_134246978.1	HTH-like	150	237	239
WP_134270954.1	RDD-Arc2	2	147	243
WP_134270954.1	HTH-like	151	243	243
WP_134684458.1	RDD-Arc2	1	163	267
WP_134684458.1	HTH-like	173	267	267
WP_134753473.1	RDD-Arc2	1	160	265
WP_134753473.1	HTH-like	169	265	265
WP_134761515.1	RDD-Arc2	21	188	311
WP_134761515.1	HTH-like	214	303	311
WP_134773829.1	RDD-Arc2	12	158	272
WP_134773829.1	HTH-like	173	244	272
WP_135497653.1	RDD-Arc2	2	146	237
WP_135497653.1	HTH-like	166	235	237
WP_135526324.1	RDD-Arc2	2	155	247
WP_135526324.1	HTH-like	157	245	247
WP_135833061.1	RDD-Arc2	16	160	273
WP_135833061.1	HTH-like	173	256	273
WP_135920735.1	RDD-Arc2	14	185	287
WP_135920735.1	HTH-like	209	287	287
WP_136050998.1	RDD-Arc2	1	155	269
WP_136050998.1	HTH-like	171	252	269
WP_136183868.1	RDD-Arc2	3	149	327
WP_136183868.1	HTH-like	163	244	327
WP_136402430.1	RDD-Arc2	2	156	247
WP_136402430.1	HTH-like	157	245	247
WP_136453071.1	RDD-Arc2	3	150	266
WP_136453071.1	HTH-like	163	245	266
WP_136491318.1	RDD-Arc2	11	157	193
WP_136491318.1	HTH-like	174	193	193
WP_136657678.1	RDD-Arc2	18	179	298
WP_136657678.1	HTH-like	203	288	298
WP_136784319.1	RDD-Arc2	3	150	274
WP_136784319.1	HTH-like	163	246	274
WP_136842135.1	RDD-Arc2	3	155	248
WP_136842135.1	HTH-like	157	246	248
WP_136921105.1	RDD-Arc2	11	164	258
WP_136921105.1	HTH-like	180	251	258
WP_136941552.1	RDD-Arc2	11	183	289
WP_136941552.1	HTH-like	211	288	289
WP_137090937.1	RDD-Arc2	2	147	244
WP_137090937.1	HTH-like	151	244	244
WP_137190718.1	RDD-Arc2	6	151	229
WP_137190718.1	HTH-like	168	229	229
WP_137247509.1	RDD-Arc2	8	154	258
WP_137247509.1	HTH-like	167	249	258
WP_137262958.1	RDD-Arc2	3	157	248
WP_137262958.1	HTH-like	158	244	248
WP_137266768.1	RDD-Arc2	8	148	229
WP_137266768.1	HTH-like	168	229	229
WP_137416378.1	RDD-Arc2	12	157	274
WP_137416378.1	HTH-like	174	254	274
WP_137759188.1	RDD-Arc2	3	147	240
WP_137759188.1	HTH-like	148	231	240
WP_137770372.1	RDD-Arc2	12	164	281
WP_137770372.1	HTH-like	177	256	281
WP_138085743.1	RDD-Arc2	1	155	256
WP_138085743.1	HTH-like	161	254	256
WP_138136517.1	RDD-Arc2	3	149	266
WP_138136517.1	HTH-like	162	245	266
WP_138169981.1	RDD-Arc2	3	151	270
WP_138169981.1	HTH-like	164	250	270
WP_138433869.1	RDD-Arc2	3	155	247
WP_138433869.1	HTH-like	157	245	247
WP_138636634.1	RDD-Arc2	3	149	356
WP_138636634.1	HTH-like	164	243	356
WP_138729793.1	RDD-Arc2	2	152	246
WP_138729793.1	HTH-like	157	243	246
WP_138772271.1	RDD-Arc2	1	149	242
WP_138772271.1	HTH-like	166	224	242
WP_138779243.1	RDD-Arc2	2	163	269
WP_138779243.1	HTH-like	176	268	269
WP_138982399.1	RDD-Arc2	2	156	248
WP_138982399.1	HTH-like	157	247	248
WP_139361973.1	RDD-Arc2	2	153	248
WP_139361973.1	HTH-like	171	243	248
WP_141508106.1	RDD-Arc2	3	149	237
WP_141508106.1	HTH-like	166	232	237
WP_143324788.1	RDD-Arc2	5	133	169
WP_145967145.1	RDD-Arc2	5	120	222
WP_145967145.1	HTH-like	144	222	222
WP_155006470.1	RDD-Arc2	5	180	281
WP_155006470.1	HTH-like	202	280	281
WP_157436471.1	RDD-Arc2	3	166	289
WP_157436471.1	HTH-like	182	260	289
WP_157897375.1	RDD-Arc2	3	149	285
WP_157897375.1	HTH-like	164	243	285
WP_157944537.1	RDD-Arc2	8	176	326
WP_157944537.1	HTH-like	208	295	326
WP_157965750.1	RDD-Arc2	12	170	282
WP_157965750.1	HTH-like	186	267	282
WP_158225069.1	RDD-Arc2	1	145	249
WP_158225069.1	HTH-like	155	239	249
WP_158237728.1	RDD-Arc2	26	175	285
WP_158237728.1	HTH-like	188	269	285
WP_158520918.1	RDD-Arc2	8	173	321
WP_158542656.1	RDD-Arc2	3	150	309
WP_158542656.1	HTH-like	162	245	309
WP_158614383.1	RDD-Arc2	2	144	240
WP_158614383.1	HTH-like	147	234	240
WP_162495667.1	RDD-Arc2	13	179	285
WP_162495667.1	HTH-like	215	284	285
WP_162601387.1	RDD-Arc2	14	170	281
WP_162601387.1	HTH-like	211	278	281
WP_162817934.1	RDD-Arc2	1	176	265
WP_162817934.1	HTH-like	182	263	265
WP_162867960.1	RDD-Arc2	12	170	322
WP_162867960.1	HTH-like	186	264	322
WP_162962288.1	RDD-Arc2	18	103	185
WP_162962288.1	HTH-like	121	181	185
WP_162977820.1	RDD-Arc2	23	108	190
WP_162977820.1	HTH-like	126	186	190
WP_164719651.1	RDD-Arc2	19	169	287
WP_164719651.1	HTH-like	182	265	287
WP_164842536.1	RDD-Arc2	19	170	284
WP_164842536.1	HTH-like	183	266	284
WP_164879666.1	RDD-Arc2	28	193	361
WP_164879666.1	HTH-like	219	311	361
WP_165492213.1	RDD-Arc2	24	172	273
WP_165492213.1	HTH-like	187	269	273
WP_165544523.1	RDD-Arc2	15	161	280
WP_165544523.1	HTH-like	173	256	280
WP_165776948.1	RDD-Arc2	1	189	340
WP_165776948.1	HTH-like	218	302	340
WP_166427494.1	RDD-Arc2	3	149	336
WP_166427494.1	HTH-like	162	235	336
WP_166648138.1	RDD-Arc2	2	161	252
WP_166648138.1	HTH-like	181	250	252
WP_169928697.1	RDD-Arc2	1	165	290
WP_169928697.1	HTH-like	181	257	290
WP_170105229.1	RDD-Arc2	1	159	260
WP_170105229.1	HTH-like	186	251	260
WP_170113243.1	RDD-Arc2	2	151	237
WP_170113243.1	HTH-like	168	232	237
WP_177735838.1	RDD-Arc2	2	156	247
WP_177735838.1	HTH-like	157	245	247
WP_179229010.1	RDD-Arc2	3	150	262
WP_179229010.1	HTH-like	163	237	262
WP_181193457.1	RDD-Arc2	6	154	294
WP_181193457.1	HTH-like	167	249	294
WP_187587204.1	RDD-Arc2	22	170	278
WP_187587204.1	HTH-like	183	265	278
WP_187663722.1	RDD-Arc2	1	155	269
WP_187663722.1	HTH-like	171	242	269
WP_197651815.1	RDD-Arc2	3	150	315
WP_197651815.1	HTH-like	163	246	315
WP_198017362.1	RDD-Arc2	20	169	287
WP_198017362.1	HTH-like	182	265	287
WP_198156492.1	RDD-Arc2	14	160	265
WP_198156492.1	HTH-like	173	256	265
WP_199720332.1	RDD-Arc2	23	169	286
WP_199720332.1	HTH-like	182	256	286
WP_200322454.1	RDD-Arc2	1	162	260
WP_200322454.1	HTH-like	190	260	260
WP_203416972.1	RDD-Arc2	3	150	360
WP_203416972.1	HTH-like	165	245	360
WP_205855040.1	RDD-Arc2	8	183	356
WP_205855040.1	HTH-like	199	276	356
WP_211298767.1	RDD-Arc2	15	161	274
WP_211298767.1	HTH-like	174	256	274
WP_211317049.1	RDD-Arc2	1	149	228
WP_211317049.1	HTH-like	168	228	228
WP_217994332.1	RDD-Arc2	23	166	310
WP_217994332.1	HTH-like	179	262	310
WP_223181712.1	RDD-Arc2	7	152	230
WP_223181712.1	HTH-like	169	230	230
WP_229046912.1	RDD-Arc2	2	155	248
WP_229046912.1	HTH-like	156	245	248
WP_231635228.1	RDD-Arc2	16	166	278
WP_231635228.1	HTH-like	182	261	278
WP_231932776.1	RDD-Arc2	50	207	380
WP_231932776.1	HTH-like	222	303	380
WP_232309845.1	RDD-Arc2	16	156	239
WP_232309845.1	HTH-like	173	239	239
WP_232475478.1	RDD-Arc2	5	147	223
WP_232475478.1	HTH-like	164	221	223
WP_233151824.1	RDD-Arc2	3	125	208
WP_233151824.1	HTH-like	147	207	208
WP_233559091.1	RDD-Arc2	18	174	409
WP_233559091.1	HTH-like	187	268	409
WP_233604398.1	RDD-Arc2	18	178	365
WP_233604398.1	HTH-like	193	274	365
WP_234401986.1	RDD-Arc2	4	101	205
WP_234401986.1	HTH-like	114	187	205
WP_234989177.1	RDD-Arc2	4	151	272
WP_234989177.1	HTH-like	164	247	272
WP_235432514.1	RDD-Arc2	16	160	272
WP_235432514.1	HTH-like	173	256	272
WP_235950280.1	RDD-Arc2	17	163	276
WP_235950280.1	HTH-like	181	259	276
WP_236699961.1	RDD-Arc2	35	191	297
WP_236699961.1	HTH-like	202	296	297
WP_236848730.1	RDD-Arc2	10	147	238
WP_236848730.1	HTH-like	166	235	238
WP_237676322.1	RDD-Arc2	1	148	243
WP_237676322.1	HTH-like	166	232	243
WP_242512243.1	RDD-Arc2	8	148	226
WP_242512243.1	HTH-like	167	226	226
WP_243693916.1	RDD-Arc2	11	180	280
WP_243693916.1	HTH-like	201	278	280
WP_243746200.1	RDD-Arc2	1	141	219
WP_243746200.1	HTH-like	158	219	219
WP_243835966.1	RDD-Arc2	74	224	314
WP_243835966.1	HTH-like	225	309	314
WP_273007769.1	RDD-Arc2	2	155	249
WP_273007769.1	HTH-like	156	245	249
WP_278056024.1	RDD-Arc2	14	185	287
WP_278056024.1	HTH-like	209	287	287
WP_287173205.1	RDD-Arc2	14	186	288
WP_287173205.1	HTH-like	210	288	288
WP_290469372.1	RDD-Arc2	2	147	238
WP_290469372.1	HTH-like	149	236	238
WP_290588607.1	RDD-Arc2	2	148	226
WP_290588607.1	HTH-like	165	226	226
WP_290709038.1	RDD-Arc2	5	165	255
WP_290709038.1	HTH-like	167	254	255
WP_290841190.1	RDD-Arc2	2	155	247
WP_290841190.1	HTH-like	157	245	247
WP_291087626.1	RDD-Arc2	2	155	247
WP_291087626.1	HTH-like	157	245	247
WP_291759201.1	RDD-Arc2	5	151	273
WP_291759201.1	HTH-like	164	247	273
WP_292040783.1	RDD-Arc2	14	185	287
WP_292040783.1	HTH-like	209	287	287
WP_292057911.1	RDD-Arc2	28	193	310
WP_292057911.1	HTH-like	219	301	310
WP_292063127.1	RDD-Arc2	14	185	287
WP_292063127.1	HTH-like	209	287	287
WP_292077101.1	RDD-Arc2	19	190	292
WP_292077101.1	HTH-like	214	292	292
WP_292117972.1	RDD-Arc2	14	185	287
WP_292117972.1	HTH-like	209	287	287
WP_292174641.1	RDD-Arc2	15	186	288
WP_292174641.1	HTH-like	210	288	288
WP_292180200.1	RDD-Arc2	9	186	298
WP_292180200.1	HTH-like	210	288	298
WP_292200154.1	RDD-Arc2	14	185	287
WP_292200154.1	HTH-like	209	287	287
WP_292213057.1	RDD-Arc2	9	186	288
WP_292213057.1	HTH-like	210	288	288
WP_292231457.1	RDD-Arc2	19	190	292
WP_292231457.1	HTH-like	214	292	292
WP_292233332.1	RDD-Arc2	14	185	287
WP_292233332.1	HTH-like	209	287	287
WP_292263130.1	RDD-Arc2	14	185	287
WP_292263130.1	HTH-like	209	287	287
WP_292295451.1	RDD-Arc2	3	158	260
WP_292295451.1	HTH-like	182	260	260
WP_292302695.1	RDD-Arc2	14	185	287
WP_292302695.1	HTH-like	210	287	287
WP_292310531.1	RDD-Arc2	9	186	298
WP_292310531.1	HTH-like	210	288	298
WP_292315001.1	RDD-Arc2	19	190	292
WP_292315001.1	HTH-like	216	292	292
WP_292324847.1	RDD-Arc2	14	185	287
WP_292324847.1	HTH-like	209	287	287
WP_292340100.1	RDD-Arc2	14	185	287
WP_292340100.1	HTH-like	209	287	287
WP_292358838.1	RDD-Arc2	14	185	287
WP_292358838.1	HTH-like	209	287	287
WP_292373189.1	RDD-Arc2	14	185	287
WP_292373189.1	HTH-like	209	287	287
WP_292421746.1	RDD-Arc2	14	185	287
WP_292421746.1	HTH-like	209	287	287
WP_292441976.1	RDD-Arc2	9	186	298
WP_292441976.1	HTH-like	210	288	298
WP_292461774.1	RDD-Arc2	14	185	287
WP_292461774.1	HTH-like	209	287	287
WP_292488461.1	RDD-Arc2	14	186	288
WP_292488461.1	HTH-like	210	288	288
WP_292491952.1	RDD-Arc2	14	185	287
WP_292491952.1	HTH-like	209	287	287
WP_292494086.1	RDD-Arc2	19	190	292
WP_292494086.1	HTH-like	214	292	292
WP_292510042.1	RDD-Arc2	19	190	292
WP_292510042.1	HTH-like	214	292	292
WP_292529900.1	RDD-Arc2	14	186	231
WP_292529900.1	HTH-like	210	231	231
WP_292549069.1	RDD-Arc2	14	186	288
WP_292549069.1	HTH-like	210	288	288
WP_292701875.1	RDD-Arc2	1	155	269
WP_292701875.1	HTH-like	171	252	269
WP_292810273.1	RDD-Arc2	13	157	278
WP_292810273.1	HTH-like	179	254	278
WP_293610391.1	RDD-Arc2	27	199	307
WP_293610391.1	HTH-like	224	303	307
WP_293986784.1	RDD-Arc2	15	186	295
WP_293986784.1	HTH-like	211	289	295
WP_296460522.1	RDD-Arc2	10	157	275
WP_296460522.1	HTH-like	179	248	275
WP_296460525.1	RDD	41	169	170
