source	target	edge_type	edge_count
GYF	3HBundle-1	Upstream	1
GIFT	iHEPN-DUF4129	Downstream	1
GIFT	bPH2TM	Downstream	1
YukD	FHA	Downstream	1
STY-kinase	RDD	Cterminal	1
GYF	3HBundle-2	Upstream	1
RelE-ParE	RDD	Downstream	1
RelE-ParE	RDD	Cterminal	1
PP2C	ZnR	Nterminal	1
PP2C	TgpA_N	Downstream	1
VanZ	RDD	Upstream	1
Treble-clef	vWA	Upstream	1
Treble-clef	ZnR	Downstream	1
GIFT	TMMD	Nterminal	1
Toast-rack	RDD	Upstream	1
PP2C	FHA	Nterminal	1
PP2C	FHA	Cterminal	1
SpoIIM	3HBundle-1	Cterminal	1
STY-kinase	ZnR	Downstream	1
STY-kinase	ZnR	Cterminal	1
STY-kinase	TgpA_N	Downstream	1
MoxR-AAA	TgpA_N	Upstream	1
MoxR-AAA	TMMD	Downstream	1
Toast-rack	RDD	Downstream	1
Tiki-TraB	RDD	Downstream	1
Tiki-TraB	RDD	Cterminal	1
TgpA_N	vWA	Downstream	1
GYF	GIFT	Upstream	1
GYF	AspS-like	Downstream	1
GYF	3TM-ClpP	Downstream	1
bPH2TM	GIFT	Upstream	1
FHA	YukD	Upstream	1
Peptidase_S26	RDD	Cterminal	1
bPH2TM	TMMD	Upstream	1
Peptidase_M48	RDD	Downstream	1
PSBP	RDD	Upstream	1
PSBP	RDD	Nterminal	1
PP2C	iPP2C	Cterminal	1
STY-kinase	RING	Nterminal	1
ZnR	TGase	Cterminal	1
GIFT	RDD	Downstream	1
GIFT	GYF	Downstream	1
GIFT	B-box	Downstream	1
ZnR	DnaJ	Downstream	1
ZnR	DnaJ	Cterminal	1
ZnR	Treble-clef	Upstream	1
ZnR	TGase	Upstream	1
Treble-clef	Ig-like	Upstream	1
ZnR	STY-kinase	Upstream	1
ZnR	STY-kinase	Nterminal	1
ZnR	Pilin	Downstream	1
ZnR	Peptidase_S49	Downstream	1
TGase	ZnR	Downstream	1
ZnR	PP2C	Cterminal	1
bactofilin	5TM	Nterminal	1
bactofilin	5TM	Downstream	1
bPH2TM	iHEPN-DUF4129	Upstream	1
TMMD	bPH2TM	Downstream	1
3HBundle-2	SpoIIM	Nterminal	1
3HBundle-2	GYF	Downstream	1
TGase	ZnR	Nterminal	1
3HBundle-1	SpoIIM	Nterminal	1
SpoIIM	GYF	Downstream	1
SpoIIM	3HBundle-2	Cterminal	1
RDD	PrgKD2	Nterminal	1
RDD	Pilin	Upstream	1
vWA	Treble-clef	Downstream	1
vWA	TgpA_N	Upstream	1
vWA	TMMD	Downstream	1
3HBundle-1	GYF	Downstream	1
RDD	REase	Nterminal	1
RDD	REase	Cterminal	1
RDD	Pilin	Downstream	1
RDD	Peptidase_S49	Cterminal	1
RDD	Peptidase_S26	Nterminal	1
RDD	Peptidase_M48	Upstream	1
iHEPN-DUF4381	TMMD	Nterminal	1
iHEPN-DUF4381	TMMD	Downstream	1
vWA	GYF	Downstream	1
iPP2C	TgpA_N	Downstream	1
GYF	iHEPN-DUF4129	Upstream	1
TMMD	iHEPN-DUF4129	Upstream	1
TMMD	iHEPN-DUF4129	Nterminal	1
HAAS	RDD	Nterminal	1
GYF	vWA	Upstream	1
TMMD	iHEPN-DUF4381	Cterminal	1
GYF	TMMD	Upstream	1
GYF	SpoIIM	Upstream	1
GYF	Pilin	Downstream	1
GYF	Ig-like	Upstream	1
Ig-like	GYF	Downstream	1
TMMD	MoxR-AAA	Upstream	1
TMMD	Ig-like	Upstream	1
TMMD	GYF	Downstream	1
TMMD	GIFT	Cterminal	1
TMMD	B-box	Downstream	1
Ig-like	Treble-clef	Downstream	1
Ig-like	TgpA_N	Upstream	1
Ig-like	TMMD	Downstream	1
ZnR	Peptidase_S49	Cterminal	1
TgpA_N	iPP2C	Upstream	1
TgpA_N	iHEPN-DUF4129	Downstream	1
TgpA_N	beta-sand-2C	Upstream	1
TgpA_N	STY-kinase	Upstream	1
TgpA_N	PP2C	Upstream	1
TgpA_N	MoxR-AAA	Downstream	1
TgpA_N	Ig-like	Downstream	1
TMMD	vWA	Upstream	1
TMMD	iHEPN-DUF4381	Upstream	1
RDD	5TM	Cterminal	1
RDD	3TM-ClpP	Downstream	1
iHEPN-DUF4129	GYF	Downstream	1
iHEPN-DUF4129	GIFT	Upstream	1
iHEPN-DUF4129	B-box	Downstream	1
B-box	TMMD	Upstream	1
RDD	Anti-sigma	Downstream	1
B-box	GIFT	Upstream	1
AspS-like	GYF	Upstream	1
Anti-sigma	bactofilin	Upstream	1
iHEPN-DUF4129	bPH2TM	Downstream	1
iHEPN-DUF4129	TgpA_N	Upstream	1
iHEPN-DUF4129	TMMD	Downstream	1
iHEPN-DUF4129	TMMD	Cterminal	1
Anti-sigma	bactofilin	Cterminal	1
Pilin	ZnR	Upstream	1
Pilin	RDD	Upstream	1
Pilin	RDD	Downstream	1
Pilin	GYF	Upstream	1
ClpP	β-meander	Upstream	1
Anti-sigma	RDD	Upstream	1
ClpP	3TM-ClpP	Upstream	1
ClpP	3TM-ClpP	Downstream	1
B-box	iHEPN-DUF4129	Upstream	1
RDD	STY-kinase	Nterminal	1
RDD	RelE-ParE	Upstream	1
RDD	RelE-ParE	Nterminal	1
RDD	DnaJ	Cterminal	1
5TM	Anti-sigma	Downstream	1
3TM-ClpP	β-meander	Upstream	1
3TM-ClpP	RDD	Upstream	1
3TM-ClpP	GYF	Upstream	1
3TM-ClpP	ClpP	Upstream	1
3TM-ClpP	ClpP	Downstream	1
5TM	Anti-sigma	Nterminal	1
iPP2C	PP2C	Nterminal	1
β-meander	3TM-ClpP	Downstream	1
3HBundle-2	3HBundle-1	Cterminal	1
3HBundle-1	3HBundle-2	Nterminal	1
β-meander	ClpP	Downstream	1
RDD	GIFT	Upstream	1
Anti-sigma	5TM	Upstream	1
Anti-sigma	5TM	Cterminal	1
5TM	bactofilin	Upstream	1
5TM	bactofilin	Downstream	1
5TM	bactofilin	Cterminal	1
RDD	PSBP	Downstream	1
RDD	PSBP	Cterminal	1
RDD	HAAS	Cterminal	1
FHA	PP2C	Cterminal	1
RDD	VanZ	Downstream	1
RDD	Toast-rack	Upstream	1
RDD	Toast-rack	Downstream	1
RDD	Tiki-TraB	Upstream	1
RDD	Tiki-TraB	Nterminal	1
5TM	RDD	Nterminal	1
bactofilin	Anti-sigma	Nterminal	1
REase	RDD	Cterminal	1
REase	RDD	Nterminal	1
bactofilin	Anti-sigma	Downstream	1
bactofilin	5TM	Upstream	1
FHA	PP2C	Nterminal	1
Peptidase_S49	RDD	Nterminal	1
Peptidase_S49	ZnR	Nterminal	1
Peptidase_S49	ZnR	Upstream	1
DnaJ	RDD	Nterminal	1
DnaJ	ZnR	Nterminal	1
DnaJ	ZnR	Upstream	1
PrgKD2	RDD	Cterminal	1
beta-sand-2C	TgpA_N	Downstream	1
RDD	bactofilin	Cterminal	1
RING	STY-kinase	Cterminal	1
bactofilin	RDD	Nterminal	1
Pex10	PUA	Nterminal	2
3HBundle-1	ZnR	Upstream	2
bPH2TM	GYF	Downstream	2
SpoIIM	L12-ClpS-like	Upstream	2
ZnR	SpoIIM	Downstream	2
bPH2TM	RDD	Downstream	2
MoxR-AAA	Ig-like	Upstream	2
MlaE	RDD	Upstream	2
RDD	HAAS	Upstream	2
RDD	His-Kinase	Downstream	2
TMMD	L12-ClpS-like	Nterminal	2
RDD	MlaE	Downstream	2
TMMD	L12-ClpS-like	Upstream	2
RDD	PP2C	Cterminal	2
TGase	beta-sand-2C	Downstream	2
TMMD	ZnR	Upstream	2
TMMD	Treble-clef	Downstream	2
TMMD	RDD	Downstream	2
beta-sand-2C	PP2C	Downstream	2
iPP2C	beta-sand-2C	Upstream	2
bactofilin	Sigma70	Downstream	2
vWA	MoxR-AAA	Downstream	2
iHEPN-DUF4381	L12-ClpS-like	Upstream	2
3TM-ClpP	GYF	Nterminal	2
PadR-HTH	Toast-rack	Downstream	2
PUA	RING	Cterminal	2
PUA	Pex10	Cterminal	2
PUA	DnaJ_ZnR	Upstream	2
iPP2C	ZnR	Downstream	2
iPP2C	PP2C	Downstream	2
RDD	REase	Downstream	2
vWA	ZnR	Upstream	2
beta-sand-2C	STY-kinase	Upstream	2
beta-sand-2C	TGase	Upstream	2
DnaJ_ZnR	PUA	Downstream	2
PP2C	iPP2C	Upstream	2
FHA	DnaJ	Nterminal	2
5TM	RDD	Downstream	2
ZnR	vWA	Downstream	2
RDD	TGase	Downstream	2
L12-ClpS-like	3HBundle-1	Downstream	2
L12-ClpS-like	GIFT	Downstream	2
L12-ClpS-like	SpoIIM	Downstream	2
L12-ClpS-like	TMMD	Cterminal	2
L12-ClpS-like	TMMD	Downstream	2
L12-ClpS-like	iHEPN-DUF4129	Downstream	2
L12-ClpS-like	iHEPN-DUF4381	Downstream	2
RDD	Sigma70	Downstream	2
RDD	TMMD	Upstream	2
ZnR	iPP2C	Upstream	2
TGase	RDD	Upstream	2
5TM	Sigma70	Downstream	2
3HBundle-1	L12-ClpS-like	Upstream	2
FHA	STY-kinase	Nterminal	2
RING	Pex2	Cterminal	2
RING	PUA	Nterminal	2
iPP2C	STY-kinase	Upstream	2
Pex12	STY-kinase	Cterminal	2
Treble-clef	iHEPN-DUF4129	Upstream	2
ClpP-Cter	AspS-like	Downstream	2
Toast-rack	PadR-HTH	Upstream	2
SpoIIM	ZnR	Upstream	2
MoxR-AAA	ZnR	Upstream	2
MoxR-AAA	vWA	Upstream	2
VanZ	His-Kinase	Upstream	2
VanZ	His-Kinase	Downstream	2
REase	RDD	Upstream	2
Treble-clef	ZnR	Upstream	2
STY-kinase	beta-sand-2C	Downstream	2
STY-kinase	iPP2C	Downstream	2
Sigma70	5TM	Upstream	2
Sigma70	Anti-sigma	Upstream	2
Sigma70	RDD	Upstream	2
Treble-clef	TMMD	Upstream	2
Sigma70	bactofilin	Upstream	2
PP2C	RDD	Nterminal	2
STY-kinase	FHA	Cterminal	2
STY-kinase	Pex12	Nterminal	2
STY-kinase	Pex2	Cterminal	2
STY-kinase	RING	Cterminal	2
RDD	YukD	Upstream	2
GIFT	Treble-clef	Downstream	2
GIFT	ZnR	Upstream	2
PP2C	beta-sand-2C	Upstream	2
RDD	bPH2TM	Upstream	2
GIFT	TMMD	Downstream	2
GYF	3TM-ClpP	Cterminal	2
RDD	bactofilin	Upstream	2
Pilin	GYF	Downstream	2
GYF	ClpP-Cter	Upstream	2
Pex2	STY-kinase	Nterminal	2
Pex2	RING	Nterminal	2
DnaJ	6-helix-bundle	Downstream	2
ClpP-Cter	RDD	Downstream	2
ClpP-Cter	GYF	Downstream	2
iHEPN-DUF4129	ZnR	Upstream	2
His-Kinase	RDD	Upstream	2
His-Kinase	VanZ	Downstream	2
His-Kinase	VanZ	Upstream	2
ZnR	iHEPN-DUF4129	Downstream	2
AspS-like	ClpP-Cter	Upstream	2
ZnR	Treble-clef	Downstream	2
iHEPN-DUF4129	Treble-clef	Downstream	2
ZnR	TMMD	Downstream	2
bactofilin	RDD	Downstream	2
Anti-sigma	Sigma70	Downstream	2
Anti-sigma	RDD	Cterminal	2
Ig-like	MoxR-AAA	Downstream	2
RING	STY-kinase	Nterminal	2
Ig-like	ZnR	Upstream	2
6-helix-bundle	DnaJ	Upstream	2
iHEPN-DUF4129	L12-ClpS-like	Upstream	2
RDD	ClpP-Cter	Upstream	2
RDD	Anti-sigma	Nterminal	2
Treble-clef	GIFT	Upstream	2
DnaJ	FHA	Cterminal	2
RDD	5TM	Upstream	2
GIFT	L12-ClpS-like	Upstream	2
ZnR	MoxR-AAA	Downstream	2
GYF	Pilin	Upstream	2
TMMD	GIFT	Upstream	2
ZnR	Ig-like	Downstream	2
ZnR	GIFT	Downstream	2
beta-sand-2C	iPP2C	Downstream	2
GYF	bPH2TM	Upstream	2
ZnR	3HBundle-1	Downstream	2
HAAS	RDD	Downstream	2
YukD	RDD	Downstream	2
vWA	PP2C	Upstream	3
vWA	STY-kinase	Upstream	3
SpoIIM	Treble-clef	Downstream	3
MoxR-AAA	PP2C	Upstream	3
Ig-like	PP2C	Upstream	3
Ig-like	STY-kinase	Upstream	3
Ig-like	iPP2C	Upstream	3
Ig-like	beta-sand-2C	Upstream	3
beta-sand-2C	vWA	Downstream	3
RDD	3HBundle-1	Upstream	3
RDD	AspS-like	Cterminal	3
RDD	B-box	Upstream	3
RDD	6-helix-bundle	Upstream	3
RDD	6-helix-bundle	Downstream	3
RDD	ClpP-Cter	Downstream	3
RDD	Rhomboid	Nterminal	3
iHEPN-DUF4129	iPP2C	Upstream	3
B-box	RDD	Downstream	3
B-box	bPH2TM	Upstream	3
beta-sand-2C	iHEPN-DUF4129	Downstream	3
AspS-like	ClpP	Upstream	3
B-box	GYF	Downstream	3
ClpP-Cter	GYF	Upstream	3
ClpP	AspS-like	Downstream	3
Pilin	DnaJ	Nterminal	3
RDD	WXG	Upstream	3
DnaJ	Pilin	Cterminal	3
DnaJ	PUA	Downstream	3
AspS-like	RDD	Nterminal	3
AspS-like	GYF	Nterminal	3
Treble-clef	3HBundle-1	Upstream	3
His-Kinase	RDD	Downstream	3
ClpP-Cter	RDD	Upstream	3
DnaJ	6-helix-bundle	Upstream	3
iHEPN-DUF4129	PP2C	Upstream	3
ClpP	GYF	Downstream	3
PP2C	vWA	Downstream	3
PUA	DnaJ_C	Upstream	3
PP2C	STY-kinase	Upstream	3
PP2C	MoxR-AAA	Downstream	3
PP2C	Ig-like	Downstream	3
PP2C	iHEPN-DUF4129	Downstream	3
WXG	FtsK	Downstream	3
Treble-clef	ZnR	Nterminal	3
WXG	FHA	Downstream	3
Treble-clef	SpoIIM	Upstream	3
STY-kinase	Ig-like	Downstream	3
STY-kinase	MoxR-AAA	Downstream	3
STY-kinase	PP2C	Downstream	3
Rhomboid	RDD	Cterminal	3
GYF	AspS-like	Cterminal	3
GYF	ClpP-Cter	Downstream	3
GYF	B-box	Upstream	3
WXG	RDD	Downstream	3
MoxR-AAA	STY-kinase	Upstream	3
GYF	ClpP	Upstream	3
STY-kinase	TGase	Upstream	3
MoxR-AAA	iPP2C	Upstream	3
STY-kinase	vWA	Downstream	3
MoxR-AAA	beta-sand-2C	Upstream	3
STY-kinase	iHEPN-DUF4129	Downstream	3
Treble-clef	3HBundle-2	Upstream	3
FHA	WXG	Upstream	3
bPH2TM	B-box	Downstream	3
ZnR	Treble-clef	Cterminal	3
bPH2TM	ZnR	Upstream	3
FN3	YukD	Downstream	3
ZnR	bPH2TM	Downstream	3
YukD	FN3	Upstream	3
FtsK	RDD	Downstream	3
beta-sand-2C	MoxR-AAA	Downstream	3
beta-sand-2C	Ig-like	Downstream	3
PUA	DnaJ	Upstream	3
DnaJ_C	PUA	Downstream	3
FtsK	WXG	Upstream	3
FtsK	TGase	Upstream	3
vWA	beta-sand-2C	Upstream	3
RDD	FtsK	Upstream	3
iHEPN-DUF4129	STY-kinase	Upstream	3
6-helix-bundle	DnaJ	Downstream	3
6-helix-bundle	RDD	Downstream	3
6-helix-bundle	RDD	Upstream	3
RDD	His-Kinase	Upstream	3
TGase	FtsK	Downstream	3
3HBundle-2	Treble-clef	Downstream	3
TGase	STY-kinase	Downstream	3
iHEPN-DUF4129	beta-sand-2C	Upstream	3
iPP2C	iHEPN-DUF4129	Downstream	3
iPP2C	vWA	Downstream	3
3HBundle-1	Treble-clef	Downstream	3
3HBundle-1	RDD	Downstream	3
vWA	iPP2C	Upstream	3
iPP2C	Ig-like	Downstream	3
iPP2C	MoxR-AAA	Downstream	3
ZnR	3HBundle-2	Downstream	4
PadR-HTH	HAAS	Upstream	4
RNA-methyltransferase	DnaJ_ZnR	Upstream	4
3HBundle-2	RDD	Downstream	4
RDD	His-Kinase	Cterminal	4
RDD	TgpA_N	Downstream	4
RDD	SpoIIM	Upstream	4
3HBundle-2	ZnR	Upstream	4
PP2C	TGase	Upstream	4
DnaJ_ZnR	RNA-methyltransferase	Downstream	4
DnaJ_ZnR	RDD	Downstream	4
SpoIIM	RDD	Downstream	4
L12-ClpS-like	GYF	Cterminal	4
RDD	ClpP	Upstream	4
RDD	3HBundle-2	Upstream	4
DnaJ	3HBundle-1	Downstream	4
His-Kinase	VanZ	Nterminal	4
TIR	FHA	Nterminal	4
RDD	DnaJ_ZnR	Upstream	4
GYF	L12-ClpS-like	Nterminal	4
HAAS	PadR-HTH	Downstream	4
FHA	TIR	Cterminal	4
VanZ	His-Kinase	Cterminal	4
ClpP	RDD	Downstream	4
His-Kinase	RDD	Nterminal	4
TgpA_N	RDD	Upstream	4
TGase	PP2C	Downstream	4
3HBundle-1	DnaJ	Upstream	4
PadR-HTH	RDD	Upstream	5
FHA	RDD	Cterminal	5
DnaJ_ZnR	DnaJ_C	Cterminal	5
DnaJ_C	DnaJ_ZnR	Nterminal	5
DnaJ_ZnR	DnaJ	Nterminal	5
FHA	TgpA_N	Downstream	5
FN3	RDD	Upstream	5
Treble-clef	GYF	Cterminal	5
Treble-clef	RDD	Downstream	5
GYF	RDD	Nterminal	5
Treble-clef	RDD	Nterminal	5
ClpP	β-meander	Nterminal	5
ClpP-Cter	GYF	Nterminal	5
GYF	Treble-clef	Nterminal	5
TgpA_N	FHA	Upstream	5
β-meander	ClpP	Cterminal	5
β-meander	3TM-ClpP	Cterminal	5
TgpA_N	TGase	Cterminal	5
DnaJ	DnaJ_ZnR	Cterminal	5
GYF	Treble-clef	Upstream	5
GYF	ClpP-Cter	Cterminal	5
Treble-clef	GYF	Downstream	5
TGase	TgpA_N	Nterminal	5
RDD	Treble-clef	Cterminal	5
RDD	PadR-HTH	Downstream	5
RDD	FN3	Downstream	5
RDD	Treble-clef	Upstream	5
RDD	FHA	Nterminal	5
RDD	GYF	Cterminal	5
3TM-ClpP	β-meander	Nterminal	5
RDD	PUA	Upstream	6
PUA	RDD	Downstream	6
FHA	FtsK	Upstream	6
FtsK	FHA	Downstream	6
DnaJ_C	RNA-methyltransferase	Downstream	6
EACC	Caspase	Downstream	6
EACC	RDD	Downstream	6
RNA-methyltransferase	DnaJ	Upstream	6
RNA-methyltransferase	DnaJ_C	Upstream	6
PUA	RNA-methyltransferase	Cterminal	6
DnaJ	RNA-methyltransferase	Downstream	6
DnaJ	Mce1-Needle	Upstream	6
NTF2-EC	MlaE	Downstream	6
RNA-methyltransferase	PUA	Nterminal	6
RDD	ClpP-Cter	Cterminal	6
RDD	EACC	Upstream	6
ClpP-Cter	RDD	Nterminal	6
Caspase	RDD	Cterminal	6
L12-ClpS-like	Pilin	Cterminal	6
MlaE	NTF2-EC	Upstream	6
Mce1-Needle	DnaJ	Downstream	6
RDD	Caspase	Nterminal	6
Caspase	EACC	Upstream	6
Pilin	L12-ClpS-like	Nterminal	6
RDD	DnaJ_C	Upstream	7
DnaJ_C	RDD	Downstream	7
RDD	TIR	Nterminal	7
TIR	RDD	Cterminal	7
DnaJ	MlaD	Upstream	7
MlaD	DnaJ	Downstream	7
STY-kinase	FN3	Downstream	8
ClpP	RDD	Nterminal	8
RING	TGase	Cterminal	8
FN3	iPP2C	Upstream	8
PP2C	FN3	Downstream	8
RDD	ClpP	Cterminal	8
ClpP-Cter	3TM-ClpP	Nterminal	8
L12-ClpS-like	RDD	Cterminal	8
Ig-like	TGase	Downstream	8
RDD	3TM-ClpP	Cterminal	8
DnaJ	DnaJ_C	Cterminal	8
MoxR-AAA	TGase	Downstream	8
DnaJ_C	DnaJ	Nterminal	8
beta-sand-2C	FN3	Downstream	8
FN3	PP2C	Upstream	8
FN3	beta-sand-2C	Upstream	8
FN3	STY-kinase	Upstream	8
RDD	L12-ClpS-like	Nterminal	8
3HBundle-2	iHEPN-DUF4381	Upstream	8
3TM-ClpP	ClpP-Cter	Cterminal	8
TGase	Pex12	Nterminal	8
TGase	MoxR-AAA	Upstream	8
iHEPN-DUF4381	3HBundle-2	Downstream	8
iPP2C	FN3	Downstream	8
TGase	RING	Nterminal	8
3TM-ClpP	RDD	Nterminal	8
TGase	Ig-like	Upstream	8
Pex12	TGase	Cterminal	8
TGase	vWA	Upstream	9
FtsK	YukD	Upstream	9
YukD	FtsK	Downstream	9
RDD	RNA-methyltransferase	Upstream	9
RNA-methyltransferase	RDD	Downstream	9
vWA	TGase	Downstream	9
RDD	nSTAND1	Nterminal	10
RDD	ZnR	Upstream	10
ClpP	GYF	Upstream	10
TIR	RDD	Downstream	10
MoxR-AAA	FHA	Upstream	10
B-box	SpoIIM	Downstream	10
TGase	iHEPN-DUF4129	Cterminal	10
SpoIIM	B-box	Upstream	10
3HBundle-1	B-box	Upstream	10
RDD	TIR	Upstream	10
nSTAND1	TIR	Upstream	10
vWA	FHA	Upstream	10
iHEPN-DUF4129	TGase	Nterminal	10
nSTAND1	RDD	Cterminal	10
FHA	Ig-like	Downstream	10
FHA	MoxR-AAA	Downstream	10
FHA	vWA	Downstream	10
ZnR	RDD	Downstream	10
B-box	3HBundle-1	Downstream	10
Ig-like	FHA	Upstream	10
GYF	ClpP	Downstream	10
TIR	nSTAND1	Downstream	10
SpoIIM	GYF	Upstream	11
B-box	vWA	Downstream	11
B-box	Ig-like	Downstream	11
RDD	TGase	Upstream	11
Ig-like	B-box	Upstream	11
SpoIIM	iHEPN-DUF4381	Upstream	11
GYF	SpoIIM	Downstream	11
iHEPN-DUF4381	SpoIIM	Downstream	11
TGase	RDD	Downstream	11
vWA	B-box	Upstream	11
3HBundle-2	3HBundle-1	Nterminal	11
3HBundle-1	3HBundle-2	Cterminal	11
3HBundle-2	SpoIIM	Downstream	12
RDD	Mce1-Needle	Downstream	12
bPH2TM	SpoIIM	Downstream	12
FHA	iHEPN-DUF4129	Downstream	12
RDD	GYF	Upstream	12
ClpP-Cter	ClpP	Nterminal	12
SpoIIM	bPH2TM	Upstream	12
GYF	3HBundle-1	Downstream	12
GYF	RDD	Downstream	12
ClpP	ClpP-Cter	Cterminal	12
ClpP	RDD	Upstream	12
RDD	ClpP	Downstream	12
iHEPN-DUF4129	FHA	Upstream	12
B-box	MoxR-AAA	Downstream	12
MoxR-AAA	B-box	Upstream	12
3HBundle-1	SpoIIM	Cterminal	12
bPH2TM	3HBundle-1	Downstream	12
Mce1-Needle	RDD	Upstream	12
SpoIIM	3HBundle-1	Nterminal	12
SpoIIM	3HBundle-2	Upstream	12
3HBundle-1	GYF	Upstream	12
3HBundle-1	bPH2TM	Upstream	12
GYF	ClpP	Cterminal	13
FHA	FN3	Downstream	13
Ig-like	GYF	Upstream	13
FHA	TGase	Upstream	13
ClpP	GYF	Nterminal	13
GYF	Ig-like	Downstream	13
TGase	FHA	Downstream	13
FN3	FHA	Upstream	13
Ig-like	bPH2TM	Upstream	14
bPH2TM	vWA	Downstream	14
MlaD	RDD	Upstream	14
bPH2TM	Ig-like	Downstream	14
vWA	bPH2TM	Upstream	14
GYF	vWA	Downstream	14
RDD	LptF_LptG	Upstream	14
LptF_LptG	RDD	Downstream	14
RDD	MlaD	Downstream	14
vWA	GYF	Upstream	14
GIFT	B-box	Upstream	15
3TM-ClpP	ClpP	Cterminal	15
iPP2C	FN3	Upstream	15
FN3	STY-kinase	Downstream	15
beta-sand-2C	FN3	Upstream	15
FN3	iPP2C	Downstream	15
FN3	beta-sand-2C	Downstream	15
B-box	GIFT	Downstream	15
ClpP	3TM-ClpP	Nterminal	15
STY-kinase	FN3	Upstream	15
TgpA_N	FN3	Upstream	16
GYF	MoxR-AAA	Downstream	16
MlaE	Mce1-Needle	Upstream	16
MlaD	MlaE	Downstream	16
Mce1-Needle	MlaE	Downstream	16
MoxR-AAA	GYF	Upstream	16
FN3	TgpA_N	Downstream	16
bPH2TM	MoxR-AAA	Downstream	16
MlaE	MlaD	Upstream	16
MoxR-AAA	bPH2TM	Upstream	16
PP2C	FN3	Upstream	17
DnaJ	RDD	Downstream	17
RDD	DnaJ	Upstream	17
FN3	PP2C	Downstream	17
Mce1-Needle	NTF2-EC	Upstream	18
MlaD	NTF2-EC	Upstream	18
NTF2-EC	Mce1-Needle	Downstream	18
FN3	FtsK	Downstream	18
FtsK	FN3	Upstream	18
Pilin	ZnR	Nterminal	18
B-box	Treble-clef	Downstream	18
NTF2-EC	MlaD	Downstream	18
ZnR	Pilin	Cterminal	18
Treble-clef	B-box	Upstream	18
GIFT	3HBundle-2	Downstream	19
GYF	RDD	Upstream	19
iHEPN-DUF4129	B-box	Upstream	19
3HBundle-2	GIFT	Upstream	19
B-box	iHEPN-DUF4129	Downstream	19
RDD	GYF	Downstream	19
GYF	Pilin	Cterminal	20
Pilin	GYF	Nterminal	20
DrHyd	nSTAND1	Downstream	20
iHEPN-DUF4129	GIFT	Cterminal	20
Treble-clef	3HBundle-1	Downstream	20
DnaJ	RDD	Upstream	20
B-box	TMMD	Downstream	20
RDD	DnaJ	Downstream	20
3HBundle-2	MoxR-AAA	Upstream	20
RDD	DrHyd	Upstream	20
iHEPN-DUF4129	iHEPN-DUF4381	Cterminal	20
GIFT	iHEPN-DUF4129	Nterminal	20
DrHyd	RDD	Downstream	20
Rhomboid	RDD	Downstream	20
MoxR-AAA	3HBundle-2	Downstream	20
SpoIIM	Treble-clef	Upstream	20
Treble-clef	SpoIIM	Downstream	20
RDD	Rhomboid	Upstream	20
3HBundle-1	Treble-clef	Upstream	20
TMMD	B-box	Upstream	20
iHEPN-DUF4381	iHEPN-DUF4129	Nterminal	20
nSTAND1	DrHyd	Upstream	20
3HBundle-2	GIFT	Nterminal	21
iHEPN-DUF4129	SpoIIM	Downstream	21
ZnR	FN3	Upstream	21
FN3	ZnR	Downstream	21
SpoIIM	iHEPN-DUF4129	Upstream	21
GIFT	3HBundle-2	Cterminal	21
TIR	DrHyd	Cterminal	22
DrHyd	TIR	Nterminal	22
GIFT	SpoIIM	Downstream	22
SpoIIM	GIFT	Upstream	22
Ig-like	Treble-clef	Upstream	23
vWA	Treble-clef	Upstream	23
Treble-clef	Ig-like	Downstream	23
Treble-clef	vWA	Downstream	23
GIFT	GYF	Upstream	23
FN3	MoxR-AAA	Downstream	23
MoxR-AAA	FN3	Upstream	23
MoxR-AAA	SpoIIM	Downstream	23
SpoIIM	MoxR-AAA	Upstream	23
GYF	GIFT	Downstream	23
GIFT	bPH2TM	Upstream	24
bPH2TM	GIFT	Downstream	24
iHEPN-DUF4129	GYF	Upstream	25
iHEPN-DUF4129	FN3	Upstream	25
FN3	iHEPN-DUF4129	Downstream	25
FN3	vWA	Downstream	25
3HBundle-2	vWA	Upstream	25
vWA	FN3	Upstream	25
FN3	RDD	Downstream	25
RDD	FN3	Upstream	25
FN3	Ig-like	Downstream	25
3HBundle-2	B-box	Upstream	25
3HBundle-2	Ig-like	Upstream	25
B-box	3HBundle-2	Downstream	25
vWA	3HBundle-2	Downstream	25
GYF	iHEPN-DUF4129	Downstream	25
Ig-like	FN3	Upstream	25
Ig-like	3HBundle-2	Downstream	25
MoxR-AAA	Treble-clef	Upstream	26
TMMD	SpoIIM	Downstream	26
Treble-clef	MoxR-AAA	Downstream	26
iHEPN-DUF4129	bPH2TM	Upstream	26
GYF	TMMD	Downstream	26
bPH2TM	iHEPN-DUF4129	Downstream	26
SpoIIM	TMMD	Upstream	26
TMMD	GYF	Upstream	26
3HBundle-1	iHEPN-DUF4381	Upstream	27
iHEPN-DUF4381	3HBundle-1	Downstream	27
bPH2TM	TMMD	Downstream	27
TMMD	bPH2TM	Upstream	27
Treble-clef	bPH2TM	Upstream	28
YukD	TgpA_N	Upstream	28
bPH2TM	Treble-clef	Downstream	28
TgpA_N	YukD	Downstream	28
vWA	SpoIIM	Downstream	29
Ig-like	SpoIIM	Downstream	29
SpoIIM	vWA	Upstream	29
SpoIIM	Ig-like	Upstream	29
RDD	beta-sand-2C	Upstream	30
Peptidase_M48	RDD	Cterminal	30
beta-sand-2C	RDD	Downstream	30
B-box	bPH2TM	Downstream	30
bPH2TM	B-box	Upstream	30
RDD	Peptidase_M48	Nterminal	30
RDD	HAAS	Nterminal	31
RDD	STY-kinase	Upstream	31
RDD	Peptidase_S26	Cterminal	31
STY-kinase	RDD	Downstream	31
Peptidase_S26	RDD	Nterminal	31
RDD	PadR-HTH	Upstream	31
PadR-HTH	RDD	Downstream	31
GYF	3HBundle-2	Downstream	31
HAAS	RDD	Cterminal	31
3HBundle-2	GYF	Upstream	31
bPH2TM	3HBundle-2	Downstream	33
3HBundle-2	bPH2TM	Upstream	33
HSP70	6-helix-bundle	Downstream	33
6-helix-bundle	HSP70	Upstream	33
MoxR-AAA	YukD	Downstream	34
YukD	MoxR-AAA	Upstream	34
iHEPN-DUF4129	3HBundle-1	Downstream	35
3HBundle-1	iHEPN-DUF4129	Upstream	35
YukD	ZnR	Upstream	36
DnaJ	6-helix-bundle	Cterminal	36
HSP70	RDD	Downstream	36
GYF	Treble-clef	Downstream	36
6-helix-bundle	DnaJ	Nterminal	36
RDD	HSP70	Upstream	36
Treble-clef	GYF	Upstream	36
ZnR	YukD	Downstream	36
HSP70	DnaJ	Downstream	37
RDD	Treble-clef	Downstream	37
6-helix-bundle	RDD	Cterminal	37
Treble-clef	RDD	Upstream	37
DnaJ	HSP70	Upstream	37
RDD	6-helix-bundle	Nterminal	37
GIFT	3HBundle-1	Downstream	38
3HBundle-1	GIFT	Upstream	38
HAAS	PadR-HTH	Upstream	38
PadR-HTH	HAAS	Downstream	38
Treble-clef	B-box	Downstream	40
iHEPN-DUF4129	3HBundle-2	Downstream	40
3HBundle-2	iHEPN-DUF4129	Upstream	40
B-box	Treble-clef	Upstream	40
MoxR-AAA	3HBundle-1	Downstream	42
3HBundle-2	TMMD	Upstream	42
GIFT	Treble-clef	Upstream	42
TMMD	3HBundle-2	Downstream	42
3HBundle-1	MoxR-AAA	Upstream	42
Treble-clef	GIFT	Downstream	42
RDD	B-box	Downstream	43
B-box	RDD	Upstream	43
B-box	GYF	Upstream	43
GYF	B-box	Downstream	43
3HBundle-2	3HBundle-1	Downstream	44
YukD	iPP2C	Upstream	44
iHEPN-DUF4129	Treble-clef	Upstream	44
iPP2C	YukD	Downstream	44
Treble-clef	iHEPN-DUF4129	Downstream	44
3HBundle-1	3HBundle-2	Upstream	44
3HBundle-1	SpoIIM	Upstream	45
YukD	Ig-like	Upstream	45
YukD	vWA	Upstream	45
vWA	YukD	Downstream	45
SpoIIM	3HBundle-1	Downstream	45
Ig-like	YukD	Downstream	45
TMMD	Treble-clef	Upstream	46
YukD	PP2C	Upstream	46
Treble-clef	TMMD	Downstream	46
PP2C	YukD	Downstream	46
beta-sand-2C	YukD	Downstream	48
STY-kinase	YukD	Downstream	48
YukD	STY-kinase	Upstream	48
TMMD	3HBundle-1	Downstream	48
3HBundle-1	TMMD	Upstream	48
YukD	beta-sand-2C	Upstream	48
3HBundle-1	Ig-like	Upstream	49
vWA	3HBundle-1	Downstream	49
3HBundle-1	vWA	Upstream	49
Ig-like	3HBundle-1	Downstream	49
iHEPN-DUF4129	YukD	Downstream	50
YukD	iHEPN-DUF4129	Upstream	50
FN3	FHA	Downstream	51
FHA	FN3	Upstream	51
GYF	bPH2TM	Downstream	52
bPH2TM	GYF	Upstream	52
RDD	Ig-like	Downstream	53
Ig-like	RDD	Upstream	53
bPH2TM	RDD	Upstream	54
vWA	RDD	Upstream	54
RDD	bPH2TM	Downstream	54
RDD	vWA	Downstream	54
Treble-clef	3HBundle-2	Downstream	54
3HBundle-2	Treble-clef	Upstream	54
NTF2-EC	RDD	Downstream	55
Treble-clef	bPH2TM	Downstream	55
RDD	iHEPN-DUF4381	Downstream	55
bPH2TM	Treble-clef	Upstream	55
iHEPN-DUF4381	RDD	Upstream	55
RDD	NTF2-EC	Upstream	55
NTF2-EC	RDD	Nterminal	56
RDD	NTF2-EC	Cterminal	56
RDD	Pilin	Cterminal	63
Pilin	RDD	Nterminal	63
RING	Pex12	Upstream	64
RDD	Rhomboid	Downstream	64
ZnR	iPP2C	Downstream	64
Pex12	RING	Downstream	64
RING	Pex12	Downstream	64
iPP2C	ZnR	Upstream	64
Pex12	RING	Upstream	64
Rhomboid	RDD	Upstream	64
MoxR-AAA	RDD	Upstream	65
RDD	MoxR-AAA	Downstream	65
ZnR	PP2C	Downstream	68
PP2C	ZnR	Upstream	68
iHEPN-DUF4129	TMMD	Upstream	68
TMMD	iHEPN-DUF4129	Downstream	68
SpoIIM	RDD	Upstream	73
RDD	SpoIIM	Downstream	73
ZnR	MoxR-AAA	Upstream	76
MoxR-AAA	ZnR	Downstream	76
3HBundle-1	RDD	Upstream	80
RDD	3HBundle-1	Downstream	80
RDD	iPP2C	Upstream	80
iPP2C	RDD	Downstream	80
GIFT	RDD	Upstream	81
RDD	GIFT	Downstream	81
RDD	PP2C	Upstream	82
PP2C	RDD	Downstream	82
MlaE	RDD	Downstream	86
RDD	MlaE	Upstream	86
TMMD	RDD	Upstream	87
RDD	TMMD	Downstream	87
RDD	3HBundle-2	Downstream	87
3HBundle-2	RDD	Upstream	87
iHEPN-DUF4129	RDD	Upstream	88
RDD	iHEPN-DUF4129	Downstream	88
YukD	FHA	Cterminal	89
FHA	YukD	Nterminal	89
TgpA_N	MoxR-AAA	Upstream	91
MoxR-AAA	TgpA_N	Downstream	91
YukD	RDD	Upstream	94
RDD	YukD	Downstream	94
FtsK	TgpA_N	Upstream	97
TgpA_N	ZnR	Downstream	97
TgpA_N	FtsK	Downstream	97
ZnR	TgpA_N	Upstream	97
NTF2-EC	RDD	Upstream	98
RDD	NTF2-EC	Downstream	98
iPP2C	TgpA_N	Upstream	103
TgpA_N	iPP2C	Downstream	103
ZnR	FHA	Upstream	104
FHA	ZnR	Downstream	104
TgpA_N	beta-sand-2C	Downstream	105
beta-sand-2C	TgpA_N	Upstream	105
TgpA_N	STY-kinase	Downstream	106
STY-kinase	TgpA_N	Upstream	106
ZnR	iPP2C	Nterminal	107
iPP2C	ZnR	Cterminal	107
RDD	DnaJ	Nterminal	109
DnaJ	RDD	Cterminal	109
PP2C	TgpA_N	Upstream	111
TgpA_N	PP2C	Downstream	111
iPP2C	MoxR-AAA	Upstream	112
MoxR-AAA	iPP2C	Downstream	112
PP2C	ZnR	Downstream	113
ZnR	PP2C	Upstream	113
MoxR-AAA	beta-sand-2C	Downstream	114
beta-sand-2C	MoxR-AAA	Upstream	114
FtsK	MoxR-AAA	Upstream	114
MoxR-AAA	FtsK	Downstream	114
STY-kinase	MoxR-AAA	Upstream	116
PrgKD2	RDD	Nterminal	116
MoxR-AAA	STY-kinase	Downstream	116
RDD	PrgKD2	Cterminal	116
Pex10	RING	Downstream	118
RING	Pex10	Upstream	118
RING	Pex10	Downstream	119
PP2C	MoxR-AAA	Upstream	119
Pex10	RING	Upstream	119
MoxR-AAA	PP2C	Downstream	119
RDD	ZnR	Downstream	122
ZnR	RDD	Upstream	122
RDD	FHA	Upstream	126
FHA	RDD	Downstream	126
RDD	Peptidase_S49	Downstream	127
GYF	Treble-clef	Cterminal	127
Peptidase_S49	RDD	Upstream	127
Treble-clef	GYF	Nterminal	127
Ig-like	TgpA_N	Downstream	133
TgpA_N	Ig-like	Upstream	133
RDD	Treble-clef	Nterminal	134
TgpA_N	vWA	Upstream	134
vWA	TgpA_N	Downstream	134
Treble-clef	RDD	Cterminal	134
FtsK	ZnR	Upstream	136
ZnR	FtsK	Downstream	136
TgpA_N	iHEPN-DUF4129	Cterminal	140
iHEPN-DUF4129	TgpA_N	Nterminal	140
iPP2C	FtsK	Downstream	149
ZnR	Ig-like	Upstream	149
Ig-like	ZnR	Downstream	149
ZnR	vWA	Upstream	149
FtsK	iPP2C	Upstream	149
vWA	ZnR	Downstream	149
vWA	FtsK	Downstream	150
FtsK	Ig-like	Upstream	150
Ig-like	FtsK	Downstream	150
FtsK	vWA	Upstream	150
RDD	TgpA_N	Upstream	154
TgpA_N	RDD	Downstream	154
PP2C	FtsK	Downstream	157
FtsK	PP2C	Upstream	157
ZnR	RDD	Cterminal	158
RDD	ZnR	Nterminal	158
iHEPN-DUF4129	ZnR	Downstream	161
ZnR	iHEPN-DUF4129	Upstream	161
FtsK	beta-sand-2C	Upstream	162
FtsK	STY-kinase	Upstream	162
beta-sand-2C	FtsK	Downstream	162
STY-kinase	FtsK	Downstream	162
vWA	3HBundle-2	Upstream	163
iHEPN-DUF4129	MoxR-AAA	Upstream	163
MoxR-AAA	iHEPN-DUF4129	Downstream	163
3HBundle-2	Ig-like	Downstream	163
3HBundle-2	vWA	Downstream	163
Ig-like	3HBundle-2	Upstream	163
Ig-like	beta-sand-2C	Downstream	164
vWA	beta-sand-2C	Downstream	164
beta-sand-2C	vWA	Upstream	164
beta-sand-2C	Ig-like	Upstream	164
vWA	iPP2C	Downstream	165
Ig-like	iPP2C	Downstream	165
iPP2C	vWA	Upstream	165
iPP2C	Ig-like	Upstream	165
vWA	STY-kinase	Downstream	167
iHEPN-DUF4129	FtsK	Downstream	167
ZnR	beta-sand-2C	Downstream	167
FtsK	iHEPN-DUF4129	Upstream	167
beta-sand-2C	ZnR	Upstream	167
Ig-like	STY-kinase	Downstream	167
STY-kinase	Ig-like	Upstream	167
STY-kinase	vWA	Upstream	167
YukD	FHA	Upstream	172
STY-kinase	ZnR	Upstream	172
FHA	YukD	Downstream	172
ZnR	STY-kinase	Downstream	172
PP2C	Ig-like	Upstream	174
PP2C	vWA	Upstream	174
vWA	PP2C	Downstream	174
Ig-like	PP2C	Downstream	174
ZnR	FHA	Downstream	176
FHA	ZnR	Upstream	176
FHA	iPP2C	Downstream	177
iPP2C	FHA	Upstream	177
beta-sand-2C	iHEPN-DUF4129	Upstream	178
RING	Pex2	Downstream	178
Pex2	RING	Upstream	178
iHEPN-DUF4129	beta-sand-2C	Downstream	178
RING	Pex2	Upstream	179
Pex2	RING	Downstream	179
iHEPN-DUF4129	iPP2C	Downstream	180
FHA	beta-sand-2C	Upstream	180
FHA	STY-kinase	Upstream	180
beta-sand-2C	FHA	Downstream	180
iPP2C	iHEPN-DUF4129	Upstream	180
STY-kinase	FHA	Downstream	180
STY-kinase	iHEPN-DUF4129	Upstream	182
iHEPN-DUF4129	STY-kinase	Downstream	182
MoxR-AAA	RDD	Downstream	187
RDD	MoxR-AAA	Upstream	187
vWA	3HBundle-1	Upstream	189
Ig-like	3HBundle-1	Upstream	189
3HBundle-1	vWA	Downstream	189
3HBundle-1	Ig-like	Downstream	189
PP2C	iHEPN-DUF4129	Upstream	191
iHEPN-DUF4129	PP2C	Downstream	191
Ig-like	SpoIIM	Upstream	198
vWA	SpoIIM	Upstream	198
SpoIIM	vWA	Downstream	198
SpoIIM	Ig-like	Downstream	198
GYF	RDD	Cterminal	201
RDD	GYF	Nterminal	201
RDD	Anti-sigma	Upstream	202
beta-sand-2C	iPP2C	Upstream	202
Anti-sigma	RDD	Downstream	202
FHA	ZnR	Nterminal	202
iPP2C	beta-sand-2C	Downstream	202
ZnR	FHA	Cterminal	202
MoxR-AAA	3HBundle-2	Upstream	204
3HBundle-2	MoxR-AAA	Downstream	204
FHA	PP2C	Downstream	204
PP2C	FHA	Upstream	204
PP2C	beta-sand-2C	Downstream	205
beta-sand-2C	PP2C	Upstream	205
STY-kinase	iPP2C	Upstream	206
iPP2C	STY-kinase	Downstream	206
RDD	beta-sand-2C	Downstream	209
beta-sand-2C	RDD	Upstream	209
PP2C	STY-kinase	Downstream	210
beta-sand-2C	STY-kinase	Nterminal	210
STY-kinase	beta-sand-2C	Cterminal	210
STY-kinase	PP2C	Upstream	210
STY-kinase	RDD	Upstream	214
RDD	STY-kinase	Downstream	214
iPP2C	RDD	Upstream	215
iHEPN-DUF4381	vWA	Downstream	215
RDD	iPP2C	Downstream	215
Ig-like	iHEPN-DUF4381	Upstream	215
vWA	iHEPN-DUF4381	Upstream	215
iHEPN-DUF4381	Ig-like	Downstream	215
Anti-sigma	5TM	Downstream	219
5TM	Anti-sigma	Upstream	219
Ig-like	TMMD	Upstream	224
vWA	TMMD	Upstream	224
TMMD	vWA	Downstream	224
TMMD	Ig-like	Downstream	224
iPP2C	FHA	Downstream	226
FHA	iPP2C	Upstream	226
iHEPN-DUF4381	3HBundle-2	Upstream	227
3HBundle-2	iHEPN-DUF4381	Downstream	227
bactofilin	Anti-sigma	Upstream	228
iHEPN-DUF4129	Ig-like	Downstream	228
vWA	iHEPN-DUF4129	Upstream	228
Ig-like	iHEPN-DUF4129	Upstream	228
iHEPN-DUF4129	vWA	Downstream	228
Anti-sigma	bactofilin	Downstream	228
GIFT	vWA	Downstream	232
iHEPN-DUF4129	Ig-like	Upstream	232
vWA	GIFT	Upstream	232
vWA	iHEPN-DUF4129	Downstream	232
GIFT	Ig-like	Downstream	232
Ig-like	iHEPN-DUF4129	Downstream	232
Ig-like	GIFT	Upstream	232
iHEPN-DUF4129	vWA	Upstream	232
3HBundle-2	GIFT	Downstream	237
GIFT	3HBundle-2	Upstream	237
iHEPN-DUF4129	3HBundle-2	Upstream	237
3HBundle-2	iHEPN-DUF4129	Downstream	237
RDD	PP2C	Downstream	238
PP2C	RDD	Upstream	238
MoxR-AAA	3HBundle-1	Upstream	240
3HBundle-1	MoxR-AAA	Downstream	240
5TM	RDD	Cterminal	241
bactofilin	RDD	Cterminal	241
RDD	5TM	Nterminal	241
RDD	bactofilin	Nterminal	241
TMMD	3HBundle-2	Upstream	242
3HBundle-2	TMMD	Downstream	242
MoxR-AAA	SpoIIM	Upstream	248
SpoIIM	MoxR-AAA	Downstream	248
FHA	iPP2C	Nterminal	252
iPP2C	FHA	Cterminal	252
RDD	vWA	Upstream	256
vWA	RDD	Downstream	256
Ig-like	RDD	Downstream	256
RDD	Ig-like	Upstream	256
iPP2C	PP2C	Upstream	260
PP2C	iPP2C	Downstream	260
5TM	bactofilin	Nterminal	262
bactofilin	5TM	Cterminal	262
3HBundle-2	3HBundle-1	Upstream	263
3HBundle-1	3HBundle-2	Downstream	263
iHEPN-DUF4381	MoxR-AAA	Downstream	265
MoxR-AAA	iHEPN-DUF4381	Upstream	265
YukD	FtsK	Cterminal	273
FtsK	YukD	Nterminal	273
MoxR-AAA	TMMD	Upstream	276
TMMD	MoxR-AAA	Downstream	276
iHEPN-DUF4129	RDD	Downstream	280
MoxR-AAA	iHEPN-DUF4129	Upstream	280
FHA	FtsK	Cterminal	280
FtsK	FHA	Nterminal	280
RDD	iHEPN-DUF4129	Upstream	280
iHEPN-DUF4129	MoxR-AAA	Downstream	280
iHEPN-DUF4129	TMMD	Nterminal	286
TMMD	iHEPN-DUF4129	Cterminal	286
3HBundle-1	iHEPN-DUF4381	Downstream	291
iHEPN-DUF4381	3HBundle-1	Upstream	291
MoxR-AAA	GIFT	Upstream	292
GIFT	MoxR-AAA	Downstream	292
iHEPN-DUF4129	iHEPN-DUF4381	Downstream	294
iHEPN-DUF4381	iHEPN-DUF4129	Upstream	294
SpoIIM	iHEPN-DUF4381	Downstream	299
iHEPN-DUF4381	SpoIIM	Upstream	299
GIFT	3HBundle-1	Upstream	305
iHEPN-DUF4129	3HBundle-1	Upstream	305
3HBundle-1	iHEPN-DUF4129	Downstream	305
3HBundle-1	GIFT	Downstream	305
SpoIIM	3HBundle-2	Nterminal	307
3HBundle-2	SpoIIM	Cterminal	307
FHA	TgpA_N	Upstream	309
TgpA_N	FHA	Downstream	309
3HBundle-1	TMMD	Downstream	311
TMMD	3HBundle-1	Upstream	311
GIFT	SpoIIM	Upstream	313
TMMD	iHEPN-DUF4381	Downstream	313
SpoIIM	GIFT	Downstream	313
SpoIIM	iHEPN-DUF4129	Downstream	313
iHEPN-DUF4381	TMMD	Upstream	313
iHEPN-DUF4129	SpoIIM	Upstream	313
SpoIIM	TMMD	Downstream	319
TMMD	SpoIIM	Upstream	319
Mce1-Needle	RDD	Downstream	320
RDD	Mce1-Needle	Upstream	320
RDD	MlaD	Upstream	322
MlaD	RDD	Downstream	322
GIFT	iHEPN-DUF4381	Cterminal	331
iHEPN-DUF4381	GIFT	Nterminal	331
iHEPN-DUF4129	GIFT	Downstream	332
GIFT	iHEPN-DUF4129	Upstream	332
3HBundle-1	SpoIIM	Downstream	339
SpoIIM	3HBundle-1	Upstream	339
TMMD	GIFT	Downstream	351
GIFT	TMMD	Upstream	351
beta-sand-2C	FHA	Upstream	368
FHA	beta-sand-2C	Downstream	368
FHA	MoxR-AAA	Upstream	370
MoxR-AAA	FHA	Downstream	370
MlaE	NTF2-EC	Downstream	372
NTF2-EC	MlaE	Upstream	372
FHA	STY-kinase	Downstream	379
STY-kinase	FHA	Upstream	379
RDD	FtsK	Downstream	387
FtsK	RDD	Upstream	387
Peptidase_S49	RDD	Downstream	390
RDD	Peptidase_S49	Upstream	390
MoxR-AAA	Ig-like	Downstream	395
Ig-like	MoxR-AAA	Upstream	395
MoxR-AAA	vWA	Downstream	396
vWA	MoxR-AAA	Upstream	396
Sigma70	RDD	Downstream	410
RDD	Sigma70	Upstream	410
MlaD	Mce1-Needle	Cterminal	421
Mce1-Needle	MlaD	Nterminal	421
VanZ	RDD	Cterminal	436
RDD	VanZ	Nterminal	436
Sigma70	5TM	Downstream	442
5TM	Sigma70	Upstream	442
FHA	RDD	Upstream	447
RDD	FHA	Downstream	447
Sigma70	bactofilin	Downstream	462
bactofilin	Sigma70	Upstream	462
vWA	Ig-like	Nterminal	473
Ig-like	vWA	Cterminal	473
FHA	PP2C	Upstream	482
PP2C	FHA	Downstream	482
FHA	Ig-like	Upstream	513
FHA	vWA	Upstream	513
Ig-like	FHA	Downstream	513
vWA	FHA	Downstream	513
Sigma70	Anti-sigma	Downstream	528
Anti-sigma	Sigma70	Upstream	528
FHA	RDD	Nterminal	548
RDD	FHA	Cterminal	548
iHEPN-DUF4129	FHA	Downstream	555
FHA	iHEPN-DUF4129	Upstream	555
Mce1-Needle	MlaE	Upstream	660
MlaE	Mce1-Needle	Downstream	660
MlaD	MlaE	Upstream	662
MlaE	MlaD	Downstream	662
FtsK	FHA	Upstream	671
FHA	FtsK	Downstream	671
MlaD	Mce1-Needle	Downstream	1011
Mce1-Needle	MlaD	Upstream	1011
MlaD	Mce1-Needle	Upstream	1030
Mce1-Needle	MlaD	Downstream	1030
RING	Pex12	Nterminal	1098
Pex12	RING	Cterminal	1098
Pex10	RING	Cterminal	1319
RING	Pex10	Nterminal	1319
NTF2-EC	Mce1-Needle	Upstream	1357
Mce1-Needle	NTF2-EC	Downstream	1357
MlaD	NTF2-EC	Downstream	1365
NTF2-EC	MlaD	Upstream	1365
Pex2	RING	Cterminal	1434
RING	Pex2	Nterminal	1434
